key,speaker,translation
bc1b88907d3b748a,UI,音频
b3f848c2a09aa9ed,UI,音乐音量
de7b57b57b05d020,UI,音效
59a4a3f7f7caa060,UI,环境音量
31bcb8940fffb7d1,UI,游戏玩法
a874fca87cdd5e4e,UI,图形
d0db8b5e364b6989,UI,设置
28f9044138a54b95,UI,新游戏
2a6b24ad28722034,UI,制作人员
b3eb37acb66ba4bb,UI,退出
76900f1bfd16c8d4,UI,返回
6a3041fb3ecba173,UI,镜头视角
d4055fafa3794fa8,UI,分辨率
41ca171b0cbae01e,UI,屏幕亮度
42e7fdbd13ba2a01,UI,目标帧率
052810dae19607f5,UI,垂直同步
b63e857488f49396,UI,窗口模式
c461dbb2bab7d8bc,UI,全屏
4571896d8a4d4162,UI,鼠标灵敏度
43ff6e9485bf371e,UI,蹲下操作
3d03a1dea561d0db,UI,切换
91d6e30620d99810,UI,点按/长按
8e685d5409b3a543,UI,长按
6c359dddb1d4c36e,UI,提示图标类型
2316810a5de343dd,UI,键盘
0286249762f7c943,UI,自动
c77c3af22c6429b2,UI,抗锯齿
130011756125313c,UI,开
ca7981b46ecf2c17,UI,关
4883b7dfffb02e36,UI,独占全屏
da43a1983d819a4d,UI,最大化窗口
3f26603a2748fed3,UI,窗口
d640c7421da06661,UI,继续
b6dcb96448c66497,UI,加载中...
f942d1e183d020b6,UI,删除存档
ffb3c5f2edc34373,UI,暂停菜单
3e49dd16f3893026,UI,清洁
4b36f28b2cf37677,UI,泡沫
e4e9ab13fc711176,UI,污垢
c9c8bf1eae99e1dc,UI,想聊天
b98b0ff714ab5417,UI,治疗
dde8c08738fe9e59,UI,想要手交
a462b8c590652563,UI,输入文本...
31c53bea307f49d0,Alexander,在下当时正协助那位炼金术士够取高处的架子
f00ea25690e17adf,Alexander,在下听到一声巨响，伊格威克斯恐怕未能幸免。
d202075090a8960b,Alexander,在下不得不说，阁下的手艺不逊于私人洗澡师。
b8a4a2d6c54c16d8,Kobold,汪！
b6069e62e167364f,Kobold,嗯嗯，我一向尽力而为。
981447d1952fe850,Alexander,哈哈，确乃一声“汪”。
5d7279822bcee7dd,Alexander,在下的学生们该从阁下的敬业精神中学上一二！
8117291ab8529b4f,Alexander,在下实在愿再多谈，然而课程将近。
dae0c0aa3ae01c37,Alexander,……为此，在下谢过阁下。
dbca31128a900488,Alexander,晚上好。贵店接待无预约的客人，对否？
a6208f4370193b60,Kobold,接待的！您……是学院来的……？
7b999e621945fe90,Kobold,是的！
fdf9d60aca05c19e,Alexander,正是，阁下想必识得在下的纹章！在下教授炼金术。
12456a9c2599222e,Alexander,……而这门课，稍后便要开讲。
cccd2e909950ad59,Alexander,甚好。
f5b90500599eaa0a,Alexander,还请从速，学生可不会自己教自己。
26f8788d21d9fd7d,Kobold,从没给当老师的龙洗过澡……哇。
7cc55c8bb6442b93,Kobold,好的，我去开门！
c9b9bda16ee1d468,Alexander,是教授——不过，是的。在下平素不去公共洗澡场所。
8569efc4ed5a6273,Alexander,谢过阁下。
57c2b1f349d8b9e9,Alexander,哦，另外，在下为这一身污秽致歉。
da7509a323bc8646,Alexander,在下如今的处境实在令人遗憾……
550840616bc8148d,Kobold,您……没那么脏。
21e1f6bc71429bdb,Kobold,没问题。我去给您开门！
14ddfac745bc0ec3,Alexander,不，在下确实很脏。
ab5df625bc76dbd4,Alexander,……
65b94d53036df4ac,Alexander,可否请阁下开门？
f602395a77ff68c4,Kobold,哦。好。抱歉。
f8d26c6d83205a5d,Alexander,说来……此处环境颇为宜人。甚是……无产阶级。
c3971608b1a13f1b,Kobold,无产——<i><size=70%>啥？
3afdda2c098fc834,Kobold,谢谢您！
90d6678c9549b1e0,Alexander,哦，就是……劳动阶层的意思？
55c80016618e1bc5,Alexander,失礼，在下本意是说，在下很享受阁下的洗浴。
02fa2a9691178177,Alexander,当然
32e117cdd1f56f3f,Alexander,谁能想到此等场所竟如此便于公众光顾！
07874aa669e5cb8c,Alexander,若再被发现违反规章，在下的声誉便毁于一旦！
cfe73695b2bdfe19,Alexander,学院绝不能知道此事，明白否？
27b11f3f6bf12fe9,Kobold,哪个学院？
16584052fd337f09,Kobold,好的
2d3935f374b6474e,Alexander,自然是伯恩斯威克社区奇术学院！
7a5128354d6171d0,Alexander,乃是拥有在下这般声名显赫的教授的、最负盛名的学院。此人便是：
bc15783521246457,Alexander,亚历山大！
b34663a53a6541a7,Alexander,甚好。在下可不能让伯恩斯威克社区奇术学院得知，其最优秀的教授亚历山大又惹出了一起事故。
b39b95373bf40c36,Alexander,哎呀糟了，就当在下没说过！
abc1043955962614,Alexander,再度洁净如新。感谢阁下在此时接待在下。
2de23f0bdf3de327,Kobold,钱……嗯……
082cb158de32f2d9,Kobold,不客气。
374214d86f810d53,Alexander,哈，确是一种动力。
7ff22bb553842005,Alexander,至少如今不止于此了！
01b524bd7165a166,Alexander,在下从未料到会向他人吐露如此令人难堪之事。
704866fd76bd9fb8,Kobold,我随时乐意帮忙。<i><size=70%> 尤其是帮一条大龙。
dd573253630e8021,Kobold,很高兴您信任我。
d6b066332b6d8b9a,Alexander,阁下亦能从中获得乐趣，在下甚为欣慰。
762c20b866b7b263,Alexander,我也是。
5fc37d4eda289c06,Alexander,在下不解，为何与阁下交谈如此轻松。
5a2661b79c536b73,Alexander,众人的目光皆承载着巨大的重量。
0ddbb1a880fb5b54,Alexander,阁下的目光则不然。甚是舒心。
df9e3e9397757b17,Kobold,期待什么的最烦啦～。
5b4ce4081cac21b5,Kobold,只是做好我的工作！
1acd1b8d362287ec,Alexander,确实如此……
cbbaf40d803468a2,Alexander,阁下做得极好。
bd7468846a30d095,Kobold,我去给您开门。
44aa15e695b4e0d5,Alexander,谢天谢地，贵店还开着。
840851d0f7570dd9,Kobold,亚历山大……？
d786fe5166ed78b0,Kobold,呃……严格来说没开。
b5707c134254e827,Alexander,正是。在下急需清洗。情势颇为危急！
5962824d5ad2d472,Alexander,此事唯有阁下能办。
4006d568c80ab534,Alexander,在下愿付双倍。三倍——此事唯有阁下能办！
a17a2764777e0b60,Kobold,哦。那好吧，我们开着。
1e5b9c4d7c7853fa,Alexander,甚好！
e36d5a8ffbc61b8c,Kobold,发生什么事了？
c43599f1e3538c5c,Kobold,您怎么这么晚来？
c63c466c3e28f286,Alexander,在下的同僚伊格威克斯教授，欲以在下为台座。
dfb6e95e4715f76e,Alexander,在下应允了，因在下的身躯足够高大。
9da4c08f2c9d94f9,Alexander,然而……
149351e2d565febf,Alexander,他的方法出了差错。
b54a89ba26aaeaa1,Kobold,他死了！？
0ee302086c5ae61a,Kobold,他去哪儿了……？
2cc9a59ae14e4845,Alexander,什么？
3b20ece829b0bd68,Alexander,没有。
93f6d587969b0e78,Alexander,在他自燃之后，在下确保给了他隐私。
1d37ba6f405ce0fd,Alexander,他的肉身目前正在教员休息室重构。
27c227129d961114,Alexander,凡有自尊的巫师，皆随身备有凤凰羽。
9e99fec970b38818,Kobold,对。凤凰羽。当然了。
0549826a698aad1c,Kobold,好。我去开店。稍等。
9e85e9ab574cfc16,Alexander,在下忘了外行的无知。抱歉。
359439ec513e7e35,Kobold,嗯嗯，我去开门
28fa9c1bb5161161,Alexander,请速速！在下的声誉危在旦夕。
cc99c01887a9b5f1,Alexander,此番遭遇令在下深感难堪。
e33e953efb157171,Kobold,没什么大不了的。听起来大家都没事。
c054502c35602985,Kobold,不必难堪。
98cbb728e5fb19f2,Alexander,那从来不是在下的顾虑。在下乃是极为规避风险的龙。
c1d152bd1a4b22f1,Alexander,阁下此言甚是仁厚。
0da1bbeb76d9ef60,Alexander,然而，在下的<i>形象</i>远比伊格威克斯转瞬即逝的肉身更为长久。
54021b5f26568c41,Alexander,此乃在下忧虑之源……
3a363409d3ae72f1,Alexander,亦是阁下堪当此任的缘由！
2501ad553fd20454,Alexander,在下还需复活伊格威克斯，哦，何其难堪！
7b282582fab597eb,Alexander,药剂师们会玷污在下的名声数月之久。
85503a54fcc74839,Alexander,唔。那、那……颇失体面。
afa89c59eece65b9,Alexander,<size=70%><i>不过甚是舒服……谢过阁下。
8342e51e14980481,Alexander,哎呀——在下未料到阁下如此……亲力亲为
ce664ef00487ef78,Alexander,<size=70%><i>请随意继续——</i>
d96b34ffac75e750,Alexander,在下<i>一尘不染</i>。
6dae153117be9e8a,Kobold,我从不漏掉任何角落。
941f66ab23bc1b9b,Alexander,在下深知。深度清洁自有其独特的感受！
4598878b44333749,Alexander,这就是我想听的。
7ea92f17440d2fae,Alexander,在下会再来的。能有阁下这样的朋友，甚好。
7bbef8475c6cdff7,Kobold,期待很快再见到您。
17d54d35bc089567,Kobold,很高兴您在这儿感到自在。
36cd0d2b83086eeb,Alexander,你好。
3cbf350078abb1bf,Kobold,嘿，欢迎回来！
516ad83185e96dfb,Alexander,哈哈，是的。见到阁下甚是欣喜。
f1d9c9797985d9a2,Alexander,能回来甚是欣喜。
9f59b5e841a0d2ad,Alexander,在下似乎弄得满身墨水！
fda3c419d5174cb2,Alexander,着实糟糕，不是吗？
b5d76009b084e709,Kobold,嗯，这就是我在这儿的原因！
4f921c2b968fe884,Kobold,哇，您真的全身都是！
256ae0739ddd2dbc,Alexander,正是！如今阁下是在下唯一愿意让其为在下洗浴的狗头人。
f114f26d23d53dc1,Kobold,哎呀，谢谢您，亚历山大。
1f01b93ae3777189,Kobold,您的私人洗澡师呢？
92b7fef7172975fa,Alexander,当然！阁下经营着一家上好的店。
df2a4df0381808af,Alexander,阁下不必担忧。洗澡师工会……比在下更有权势。
1bdc19a56262fbc5,Alexander,<size=70%>在下仍在付他们薪水。
b0134babb7e75550,Alexander,一个来见在下最喜爱的狗头人的好借口。
7d926d6395419270,Kobold,哎呀……谢谢！
6ad0fe6dcc2efa30,Alexander,当然，阁下经营着一家上好的店。
f38b3b8fcf6bf031,Alexander,怎么？由衷的赞美并无害处！
350955b9410d95a5,Kobold,没想到您是会弄得这么脏的类型！
3cf6fd8e7e50386c,Kobold,您怎么满身墨水？
5d2cee363540fc7a,Alexander,在下……嗯。
26b3089f5ee4a463,Alexander,在下<i>想</i>，在下定是<i>在来的路上</i>打翻了墨水瓶。着实笨拙！
7f1cf0605a577a0a,Kobold,“想”、“在来的路上”？那您之前并没有满身墨水……
b356a126e4318643,Alexander,哦。
cd5592e5e3140daa,Alexander,对。
2a0200c46ee1b662,Alexander,实话实说，在下是为了来此才弄脏的。
b4d680dde83d7847,Kobold,哎呀。您不用满身墨水也可以来打招呼呀！
42d72aa4b0b39750,Kobold,哦！那我得让您进来。我去开门。
9eb8cd756595cf24,Alexander,当真？
5f9846717183dcc1,Alexander,在下会记住的。在下习惯了凡事皆为交易。
2ea5b920a0a9a519,Kobold,我随时都很高兴见到您。我去给您开门。
a59f7f35644dcdbb,Alexander,伊格威克斯教授——在下那位早前自焚的同僚。
10b4110dad07d576,Alexander,他已重返工作岗位。感谢阁下在那件事上的帮助。
b8baebdff88a847f,Kobold,是啊，一开始挺吓人的。
a2aff5b173ae96bb,Kobold,那太好了。他没事我很高兴。
4b29556a255aea95,Alexander,所幸，自燃致死这一概念在现代社会已被彻底遏制。
ababfd6e7703460e,Alexander,正是。阁下能施以援手，在下甚为欣慰。
69f278cd5a2eb111,Alexander,……能与人如此畅所欲言，甚是奇妙。
6221337862dcba2c,Alexander,在下觉得对阁下可以畅所欲言。
cecec36c55a564ee,Kobold,什么都可以？
7dbde0758389bd7b,Alexander,是的。如此坦率，令人振奋。
9bc918ab274337a8,Alexander,不知为何，这比任何人说的话都更显真诚。
35af415ffcb7f757,Alexander,说来……
c66fb72552f1fa4c,Alexander,在下有一问。
bbff7b98d6da7061,Kobold,什么问题？
834032dfb827138e,Kobold,怎么了？
71291e2e0c7ce300,Alexander,阁下可否问<i>在下</i>一个问题？
c8ac7dce03b1b9b7,Kobold,什么意思？
10f232e68c0c0443,Kobold,什么样的问题？
5956cbc43e2c8c2b,Alexander,在下只是希望阁下问在下一个问题。任何问题皆可。
7bf3b1fff483809e,Alexander,什么都行。在下只是好奇。
c225b2626bb24d2c,Alexander,谢过阁下相问。被问及私人问题，甚是愉快。
ed6a9612f44b19ea,Alexander,呼……谢过阁下。
47122b215cc11a2b,Alexander,哦……在下想这也不错～
76527d719ccc95a3,Alexander,那……比在下预想的更舒服。
1db0bf44f69526fc,Alexander,坐架？在下……想是可以的！
35278dc46019f9b9,Alexander,在下感觉好多了。
5547ec33b10091a2,Alexander,在下……知道此言有些突兀。
3ce3dec2bd740757,Alexander,但在下以为，阁下教会了在下一些东西。
a6a744d6d60ec400,Kobold,哦？
5eca8560307cac86,Kobold,可您才是当老师的龙呀。
419ecbf32abefda1,Alexander,是教授，不过，是的。阁下确实教会了在下。
0b1b8529d2c3c5fc,Alexander,在下想，在下喜欢被照顾？
4df2487e01509478,Kobold,大多数人都喜欢！
c9f8ba59379bb60a,Kobold,我喜欢照顾您。
93786b06bef36348,Alexander,嗯，是的。在下的意思是更……原始的那种？
b868cb066c4b572d,Alexander,听阁下这么说甚好……不过，在下是指更……原始地被照顾？
565a3630f0cfbcc5,Alexander,在下喜欢阁下用手轻拍来指示在下该做什么。
1161a29c118dbaa6,Alexander,在下喜欢阁下的自信。哪怕只是关乎洗浴。
32c31015075eeede,Alexander,哪怕只是片刻，放下掌控也甚是舒心。
1651e2418c22d0c0,Kobold,<size=70%> 一条大龙把控制权交给我。哇。
bd051341e68cc04e,Kobold,很高兴能给您一个放松的地方。
2e1f723e42b149be,Alexander,颇为新奇，不是吗？
8212cbdd05d21f37,Alexander,在下很快会再来，可好？谢过阁下的洗浴。
b5f8ec9a6918d554,Alexander,令人解脱。在下会再来的，可好？
0248808ddaa3479e,Alexander,晚上好！
d3d306a15d158e29,Kobold,嗨——！嗨！
68094c643e49d3c6,Kobold,嘿，亚历山大！
e8c921ab9051f110,Alexander,哈，一如既往地热情。
3b767556f3eeaa3b,Alexander,能回来真是太好了！
96ed1471d1f86a4d,Alexander,今日的雨下个不停！
429d93ef0fafbe8a,Alexander,氛围倒是不错。
a9945cd0cd165325,Kobold,雨挺好的。
7259414f82b0b97a,Kobold,我一直讨厌下雨。
bfad19e22f9652cc,Alexander,在下同意，不过仍希望方便时尽快让在下进去。
91a5c27ef059ab24,Alexander,在下能理解为何不喜它带来的脏乱。
882df59f0a75b295,Alexander,但这正是在下来此的原因！
990e43e4f2687cdf,Kobold,好的！我去给您开门。
846b613e707ce00d,Kobold,汪！<size=70%>（门）
1ceb64d9cf6889fd,Alexander,嗯，在下理解为阁下要去开门？
56deaef9d6b92a31,Kobold,汪！<size=70%>（是）
fd0d3e3077aaf4ce,Alexander,在下不解，为何突然能听懂阁下的“汪”
7a919cef111fe275,Kobold,汪！<size=70%>（那是因为你龙族心智中沉睡的部分，正在忆起你我两族之间根植已久的语言桥梁。其中承载着狗头人“汪”的深层含义与意图。你突然的理解，不过是我们的联系随时间加深，激活了你心智的那一部分。）
6d8c462224bca1b5,Kobold,汪！<size=70%>（不知道）
8e7ead434fce5609,Alexander,可否请阁下开门……？
19be549c91d82ff3,Alexander,好吧。在下等着！
c19ca0647cc1a583,Alexander,在下一直在想……
6d9630067757f781,Alexander,在下不禁注意到……那边的装置。
7bd6925025a24288,Alexander,那是坐架，对否？
54b9fbcd575cd0a7,Kobold,没错！
1f5aad5cbae1a020,Kobold,您想用吗？
36a85b3430aa6639,Alexander,在下……在想……
d2b8ae469c604bfb,Alexander,在下能否，呃……
577e4edfcd4fa53d,Alexander,也许……
4caa8162834de434,Alexander,或许……
d89de41838a75fa0,Kobold,您想用的话完全可以！
68ad27123e1df879,Kobold,不用紧张，亚历山大！
6dece6f0ec399d4e,Alexander,在下想，在下想试试？
08ab3092d83ed1d3,Alexander,在下知道。在下知道。
81a4fcd2541ac990,Alexander,在下想，在下想用一下？
67c0f2a71f4ff613,Alexander,呃……嗯……
4640c27322f55d8c,Alexander,或许……？
9739b879143b91cf,Alexander,只要阁下不介意——
097832ea20a37b63,Kobold,当然不介意！
e2dce2bed173fba0,Kobold,当然可以。多亏康拉德让我弄了一个。
f12929f0cef567d7,Alexander,好吧好吧……那在下想用一下？
76ea754cd53f21dc,Alexander,康拉德……？
18b51cf572e4b49a,Kobold,我没问题！
334a54e73cf69dc1,Kobold,我很乐意去给您拿。
7bd62126f382f565,Alexander,嗯……谢过阁下。
d2c15503eb28631b,Alexander,好——谢谢。
3eb65bb3b11e901c,Alexander,哦——抱歉弄脏了……
caa4d660ab8d004d,Alexander,<i> 甚是舒服……</i>
31ea4258e44c77e4,Alexander,唔……在下想在下正需要这个。谢过阁下。
6df0c2c2617b9905,Alexander,哎呀。在下想在下可以用一下坐架！
026554f86388b721,Alexander,谢过阁下的清洗。
7f37ff79ee94bd0b,Alexander,今晚——在校园里。图书馆是那座蓝色尖顶的大楼。
f5e9b1cef9c39e89,Alexander,走到龙用入口，在下会放阁下进来。
de408e85752b4a9e,Alexander,我很期待。
5832139d604c3ee8,Kobold,我也是！
6ed2300bf162b1de,Kobold,听起来真棒。
ebb96171ea7628a0,Alexander,那就好。
ada4e05c4d451f61,Alexander,确实颇为不错。
6068953467a952bf,Alexander,在下这就不碍阁下的事了。谢过阁下的洗浴。
7ca9216de53b82e5,Alexander,今晚见。
4f8eb9eeb14b2f7d,Alexander,应该每个角落都洗到了。
991fa15e47275ce0,Alexander,谢过阁下的清洗！
6d1255dd43802973,Alexander,能结识阁下，在下甚是欣喜。
5d5e0eafc7ef13d6,Kobold,我也是。
63b9a103362edd6c,Kobold,哎呀，谢谢您，亚历山大。
6df8f8008c57cbac,Alexander,总之，在下这就不碍阁下的事了。
1cb7b221b7adda1c,Alexander,再会！
bc3d56d7794e4370,Kobold,嘿，亚历山大。
1bef44aeb393caf0,Kobold,嘿，大个子！
2d8bd7d9bb5f85ba,Alexander,阁下好。
b048841add4ee6cf,Alexander,在下前来洗浴。
beeee2948bf1c30a,Alexander,望阁下一切安好！
906a59351176dc24,Kobold,是的！刚和莱恩约会回来。
2a75724b922176cf,Alexander,哦？在下见过的那条天蓝色的龙？
1f4da5e1dde7e17c,Alexander,得知阁下有了交往对象，甚是欣喜！
50f1967e1e33cecf,Kobold,是的！刚和康拉德约会回来。
0738da2a76bc2231,Alexander,哦？那条小红龙？
896dc87e931d64eb,Kobold,很好！您来了就更好了。
0786859cb08f5ef9,Kobold,我很好！
414ed962f4c8a03a,Alexander,哦。那……太好了！
10cdda610834ef77,Alexander,在下能来此，亦甚欣喜。
346865d8c1dd9693,Alexander,甚好。
f9ccb379ac224d71,Alexander,总之，在下需要清洗。
4e576daaec5a2d15,Kobold,马上！
3a1b28ba58f06ac8,Kobold,我去开门。
42dbc75670fc6105,Alexander,期待这次洗浴。
f51bead488e14b65,Alexander,谢谢。
861a7c80ccb8a4ba,Alexander,那么，阁下的约会如何？
3481be04c35d76a2,Kobold,很棒！莱恩是个贴心的人。
d26f0d306552c44a,Kobold,很棒。康拉德很狂野。好的那种狂野。
cf755b67feb7b6d9,Kobold,很好。我们做了。
6af3f2040301f8fa,Alexander,甚好。阁下配得上一个正派的男人。
9b8379de3d387846,Alexander,在下确信他亦觉得阁下可亲！
add751924d595d89,Kobold,谢谢，您也很可亲！
1aa7b1c1d5fb1fd6,Kobold,谢谢！
8dd47db88ce81f6d,Alexander,谢过阁下。此言甚是仁厚。
ebc110388e3748fa,Alexander,当然！
a8ab7e0a75fdc69c,Alexander,哈，他似乎是狂野的类型。
5bac15668ef9b115,Alexander,阁下喜欢他，在下甚为欣慰。在下确信他亦觉得阁下可亲。
84f325bca745e504,Alexander,太好了！
cb8f422bf973d563,Alexander,想必你们二人甚是相配。
b4eff799a0271863,Kobold,嗯？
067e958be39127d9,Alexander,在下一直在想……
4dd6f1ad9c86a533,Alexander,阁下认为在下有魅力吗？
303f7b0a567bfb2b,Kobold,有。
09141003dee8665c,Kobold,我觉得有！
43c22d680a102c02,Kobold,我觉得您很好看。
4d433e9df480be59,Alexander,甚好！
c2ec019426b864e2,Alexander,那……在下便自信多了。
2819c10656ee517a,Alexander,当真？
8fa16c7b8108298a,Alexander,那在下便自信多了。
4f6ee313463724ba,Alexander,这便引出在下的下一个问题……
96ec8add863c6173,Alexander,阁下今晚可愿与在下一同前往学院图书馆……？
558dbfba7857e37d,Alexander,那便是一场……约会。按世人的说法。
76eea215ea7ba450,Kobold,"<gradient=""gold""><b> 我不介意！ </b></gradient><size=70%>（将进入亚历山大恋爱线！）"
500188b2a2627768,Kobold,"<gradient=""gold""><b> 我今晚有事。抱歉。 </b></gradient><size=70%>（将不进入任何恋爱线！）"
96b6a8b07a0781d0,Alexander,在下考虑向阁下提出此事已有一段时间了。
942b49a7c66fb0bf,Alexander,啊。不必挂怀。
b1cb9d9c9d3d9661,Alexander,好吧。那在下便不打扰洗浴了！
950b8260a6ca788f,Alexander,瞧瞧在下！在下会成为学生们的笑柄。
97733f8db49fb168,Alexander,可否请阁下把伊格威克斯从在下背上刷掉？
6a4162b247e5aae1,Alexander,在下不敢相信伊格威克斯会犯下这般错误！
5e971607fa926b31,Alexander,如今在下落得如此境地，啊！
2a1b4481e851f727,Alexander,在下特意绕路来做一次隐秘的洗浴，在下确信没被跟踪。
26974d0189f0d75c,Alexander,在下确信无人会知道……
db8cc14accf5dfe9,Alexander,啊，那些污垢确实有点刺痛，谢过阁下。
f82f410ee41cad07,Alexander,嘘……！
fedb00f6c13cec68,Kobold,呃……您好？
4359ca4e5c8fc816,Kobold,谁在那儿？
9e2816aaa10403b6,Alexander,嘘！在下不是本地人……
8275f13b67a6687b,Alexander,贵店现在开着吗？
7409deaefe456a49,Alexander,呼！在下出了点事故，需要处理……隐秘地。
afb82d57a9c1ba48,Alexander,请立即移开这道屏障，好让在下进入。
0c2f6e570964b0c1,Alexander,天哪，多亏阁下，在下有机会挽回这一局面。
639110e1c4cc2914,Alexander,说来，阁下可还记得在下任职的学院名称？
e35f2c7dd32a4059,Kobold,伯恩斯威克社区奇术学院
8e3a0c6c1c068e67,Kobold,您在学院工作？
7bf1556708efd0d8,Kobold,不记得
79acad09a68bf670,Alexander,不！在下是说，是的，但为了在下的声誉，还请阁下对在下来此一事守口如瓶。
3730dccb6a6582be,Alexander,什么？在下是教授！阁下看不出在下的纹章吗？
56723edcd935d476,Alexander,哦！
e0723f4408ee3eda,Alexander,在下明白阁下的用意了，谢过阁下。
7973db48113175b5,Alexander,甚好，感谢阁下的谨慎，在下这便前往药剂师处。
677412526f14044a,Alexander,在下对此结果甚为满意……
266f7a45346224eb,Alexander,我们可以就这样躺着……
43b91c684627d3b6,Alexander,一切都交给阁下？
08ab4c0c6ca5fe6f,Kobold,这样好吗？
069e24aa896ea4cf,Alexander,好……正是如此。
2c33dcef91e06624,Kobold,好。
2d731f1625c8064f,Alexander,在下……已经很近了
4650860eb73dd16f,Kobold,再为我坚持一会儿？
860ede2808e2507c,Kobold,来吧！
16c36baab1491eb1,Alexander,好、好吧。在下尽力。
24537bfd61baf4a0,Alexander,在下恐怕无法再忍了
a63eed0b6b6a78c7,Kobold,还不行。再等一会儿。
35f5ee08b67fc0f5,Kobold,您准备好了就随时释放。
82af5427ecb85c11,Alexander,是……
847ec7301eab2bde,Alexander,呼……
c958ed597f3ee7b9,Alexander,在下甚是享受。
f3be3d62065c0791,Kobold,听您这么说我很高兴。
6a629fe795ac84d7,Kobold,接下来呢？
4cc4342b97114697,Alexander,是的……但在下以为，我们需要清理地板。
ee63118710aa5c5b,Alexander,我们需要清理地板……
8319d1715d2a4149,Alexander,<i><size=70%>糟了……还有那些书
7d085d9765e3c5d6,Alexander,哎呀——
f70738ec42aa401d,Alexander,阁下的手甚是灵巧
328ad033a139998d,Alexander,嗯……
5ec1f7e700f37c3d,Alexander,……
e17d9103818204a4,Alexander,这肥皂不太配得上一位教授，阁下不觉得吗？
03c418e790b340c3,Alexander,冲洗完毕请告知在下。
9da08a79c3f86ee0,Kobold,教书是什么感觉？
337d9f85511815eb,Kobold,您喜欢紫色吗？
70523c9a506d9676,Kobold,您喜欢自己这么大吗？
3fbd83d375d6fa05,Kobold,数字7是什么味道？
767b6d6bdc5b806a,Kobold,您怎么看我？
8ed9fdad93b0f690,Kobold,您幸福吗？
e5263ec7185a5166,Kobold,您的纹章很酷。那是什么？
bc116106c2929c42,Kobold,我想问的就这些。
a04d5511812a415b,Alexander,那是在下的梦想。
6861f7c274e3de2c,Alexander,在下乐于以正面的方式参与如此多人的人生。
8743d170a315e668,Alexander,……知道他们如此仰望在下，令人惶恐。
7aebce70febcfb8c,Alexander,并非仅指身高上。
0ad864ff0c0b3f21,Kobold,您教哪些课？
24244e96851180ca,Kobold,您树立了好榜样。
f58328ac8301872f,Alexander,主要是炼金术。偶尔教世界史。
771e997edf959694,Alexander,在下也在尝试涉足社会科学。
9986ef8860d34d9e,Alexander,这正是可怕之处。
e947bbc260ec1dad,Alexander,在阁下身边，在下不惧失败，这令在下欣喜。
818a4fe04a76ce19,Alexander,阁下问这个，是因为在下是薰衣草色的？
54a1b0b8e5f6fa32,Kobold,对。
046427d028c69e4b,Kobold,不是。
b849ed1e855cd6f5,Alexander,嗯，在下确实喜欢这颜色。但在下以为这与在下的体色无关。
bbb1e1b8cec716b3,Alexander,在下确实喜欢这颜色。不过在下以为这与在下自身的体色无关。
525ba3c4a2511183,Alexander,哦。甚好。
3885f7429496059d,Alexander,哦。好吧。
8133434681c5d0c2,Alexander,这是个难以回答的问题。
a3e6072e41a2ff07,Alexander,在下享受其中一部分。受人尊敬是愉快的……
b1ca0efdea534b71,Alexander,然而，那份尊敬伴随着一种期待——要在下表现得如同外表一般。压力着实巨大。
186edb7d24ea9459,Kobold,在我面前您想怎样都可以。
1a6be1fd03e5ae6f,Kobold,我喜欢真实的您。
08063aff652b7108,Alexander,阁下此言甚是仁厚。
4f9390dd28090827,Alexander,在下想更敞开心扉。感觉甚好。
b38834ce4594ad5c,Alexander,黄色的青柠。
5f6bb166b079c336,Kobold,不可能。
aac4af2b645cf88e,Kobold,就像……柠檬？
0ee250681eda1a08,Alexander,“完全可能”，在下对此再确定不过。
b83a1658171971d7,Alexander,不。是黄色的青柠。
a87e0094e62cb429,Kobold,您才是教授。肯定是对的。
e154199e27c1d4a3,Alexander,那是诉诸权威的谬误。不过，是的。在下是对的。
0c137b35abd3f637,Alexander,阁下……
d4efe0db738b52b5,Alexander,是个异数。
55c3e5daec20a64d,Kobold,啊？
2c291db1ddbe2b9d,Kobold,这是好事吗……？
df2bc10ba434d57e,Alexander,意思是阁下独一无二。
019d328b739d99e6,Kobold,好的方面？
c2667b3b3dc54c1a,Kobold,坏的方面？
4f9b4a3cd9b0261a,Alexander,当然！阁下极好。
ebb1884c75b23e27,Alexander,天哪！不不。阁下出类拔萃。
3b2c32e616b24822,Alexander,正是。阁下是极好的相处对象。
7e6a62b6d8659273,Alexander,阁下是在下遇到的第一个对在下唯一的期待是……
c48241cd21bb0d91,Alexander,做在下自己。
5a4d28241178ab01,Alexander,在下幸福。
216bb6e650af4cfc,Alexander,在下以为，这部分归功于阁下。
91ff270d6aaba6a4,Kobold,可我只是您的洗澡师？
f06f453ab3d6251f,Kobold,真贴心。
8c2bdfa25fbde4ed,Alexander,在下知道。但能向某人敞开心扉，哪怕偶尔——
61639ef55caefda4,Alexander,亦有奇效。
4f66abc45de7ff53,Alexander,阁下甚是贴心。
22c1ab2eb72e5b44,Alexander,能向某人敞开心扉，哪怕偶尔……
439d8da114ab9162,Alexander,为此，在下谢过阁下。
33d3f6495bad4d3c,Alexander,哦，在下头上的纹章？
91d69b4f1f9739cb,Alexander,许多人以为它是在下身体的一部分。
dd0f2ff5e303f61a,Alexander,然而，它是装饰品！在下的家族纹章。阁下要知道……
7271f9e9b21e5401,Alexander,龙族历史错综复杂。装饰性纹章<size=85%>常常<size=70%>由龙佩戴，<size=55%>以表明所属家族！<size=40%>这是其文化<size=35%>与家族传承的有趣标志。在下常思忖是否该继续佩戴。<size=20%>但在龙族传说中，文化与家族纽带被视为重要之物！故在下必须遵循。<size=10%>水。土。火。气。很久以前，四大国和谐共处。然而火烈国的进攻改变了一切。
0006b6926947b91b,Kobold,您能再说一遍吗？
b6d573339ec0b66b,Alexander,啊，失礼，在下对此类事物颇为热衷。
9909f3ea3dffb93e,Alexander,阁下喜欢在下的纹章，在下甚为欣慰。
e5bccc3a053371ce,Alexander,……不
f33ca08a17779409,Alexander,<i>哦。</i>在下想在下还没准备好。
170ebd10775afd58,Alexander,在下……不确定今天想用这个。
72f9c6536242f235,Kobold,如果您需要有人倾诉，我随时都在。
67410be84ad1b8ac,Kobold,这里交给我，您别担心。
5b207ccbfd5d5679,Conrad,不……不用，没事的……谢了。
b2139b5e4dc27f14,Conrad,……谢了……
b841443b4a7e3b82,Conrad,嘿……谢谢你陪着我……
02febaeeb5306c30,Conrad,有能靠得住的朋友，真好。
7ff77420c3518210,Conrad,……我还以为我们是好哥们儿，我们老在一起干那事！
13a3bd02487dab16,Conrad,我搞不懂……
861f99e073cd06e2,Conrad,我装得挺横，其实就是条小龙……
e375cf5dd6f03d34,Conrad,他们做得太过了。
19aa373fb830a05c,Kobold,天哪，您受伤了！
c7e055a695603f2b,Kobold,您还好吗？
e4e0397bea6600f5,Conrad,嘿……那个，我就想洗个澡。
e36f54f748a69d3e,Kobold,……好，请进
e17652524a905f18,Conrad,……完事了？我还脏着呢……
44aa54eec876d22e,Kobold,啊，抱歉
85d8ae405abc5722,Kobold,哎呀
d0b060d51bc87feb,Conrad,……完事了？我还一身泡沫呢……
5a208b2886d87937,Conrad,你们这儿也做“特殊收尾”吗？
d61259269b75dec9,Kobold,那是什么？
8aff5108a050bcfa,Kobold,是的！
1ea442a134b2a184,Kobold,不
335bcdceb30ec6b8,Conrad,不不，老兄，这个你必须得做。我给的钱可不少！
2f7cc8c297b8d283,Conrad,太棒了！等着看你的手艺！
9d1528cc1118e4dd,Conrad,怎么？好店都做这个！
e51f82fb1e4773ad,Conrad,<size=140%> 爽死了！
6d721d6e2ad2ae1c,Conrad,<size=100%> 他妈的太舒服了！
6d4db2b6b39822b2,Conrad,哦，操，爽。
8fc6411ffc04a8f3,Conrad,继续。
d892eb1f696177b4,Conrad,这地方该翻新一下了，我知道它缺什么！
0eaacb4d2b730370,Conrad,我认识个人，明天就能送份礼物过来，让这儿焕然一新。
eb8e96751da9e008,Phone,我们收到了您关于坐架的申请！
4369749a5a3394e9,Kobold,什……？
339397c0d1c1f21f,Phone,今早已经送到了，应该就在大门附近。
f1968abec4612ffb,Phone,请用撬棍打开，然后放进储藏室，可以吗？
474ab3afa218a5df,Kobold,好的！
435c7e974ca94c84,Phone,很好。祝您度过<i>高效</i>的一天。
a8ee5e15400fc208,Conrad,那个……约会。我想我快想去约个会了！
3ee865676f6e4c99,Kobold,是吗？
f2f6817fb49621c2,Kobold,我很乐意！
82ddb728ff9d18a9,Conrad,我在想，下周找个时间出去？
fc253d9eb67cd473,Kobold,听起来不错。
9a03666243082379,Kobold,我不介意！
67f68a72462bca9b,Conrad,太好了！
45ec6449f36fb5b9,Conrad,下次我来洗澡的时候，咱们就去。
ee6194b2fabfafdc,Kobold,我很期待！
38c7fbb586ed7788,Kobold,就这么定了。
cf5ea034da108d57,Conrad,嗯……这可比那些浆果强多了。
395b9d676b6c01c5,Conrad,哦——现在？行，我来。
307f6f92f16156e7,Conrad,哈啊……这他妈是最棒的一次洗澡。
9c4eeb4a7cc4c1e1,Conrad,嘿！坐架！太爽了。
e6071cb4e7c448c8,Conrad,我和莱恩，今晚八成要去约会了。
9ee7e6a6ebccf907,Conrad,你有什么建议吗？
f7af2bd25c827e3d,Kobold,做您自己就好！
a58248b820567c49,Kobold,一定要洗得干干净净。<size=70%><i>嘿嘿。
528e2755301df89e,Conrad,我在尽力了。
71cfcccd17dc37fc,Conrad,目前为止还不错，对吧？
93a2ca86985333fe,Kobold,我觉得是！
55842427ae2db4e3,Kobold,如果莱恩那样的人都对您感兴趣，那您做得很好。
162762064c5d0461,Conrad,哈。要是有条狗头人能给我洗澡就好了。
4ae6d6619b0245f7,Kobold,要是有就好了。
6267e98361c404ca,Kobold,<i>我会把您洗得一尘不染。
7c0c5a4da3de6046,Conrad,说正经的，你洗得绝对是最好的。
207d91f2342e8d0c,Conrad,谢了。人靓心情就好！
51bfc34995242b1a,Conrad,操……你真懂怎么伺候一条龙！
c96d891724f6aacb,Conrad,哈……现在要给我撸？行啊。
28a96495be7701ea,Conrad,该死……每次都这么舒服。
cda9c08deb782b6e,Conrad,<i>哦哦哦。</i>坐架？太好了，哥们儿。
76777c9ea422832b,Conrad,嘿，帅哥
0b7efee62380b6cd,Conrad,我看着怎么样？
060982be63865e2c,Kobold,非常酷
b6fff34d007d61c9,Kobold,呃……
806a4d3418ed236d,Conrad,对吧！我就是！
4bd075c280186208,Conrad,不过不适合约会。
777560a71762cf9b,Conrad,那就为今晚的约会洗干净吧。
364ea49c3b6c9895,Conrad,哈！
3ef6b1f5eeda632e,Conrad,开个玩笑。
ec760ba3440257aa,Conrad,好，那就为今晚的约会洗干净吧。
300d848a1b6703e2,Kobold,得把您洗得一尘不染！
c38c5771c6cf6118,Conrad,我也是。
260d7e3607c0eca1,Conrad,嘿……那当然。
d875bd1d6febfd53,Conrad,我劲头十足。
a652a464f67481de,Conrad,我之前提的那家酒吧，位子已经订好了。
ce3783abd13119b6,Conrad,晚上那氛围真他妈绝了。
18ed0c57d649df67,Conrad,你会喜欢的。
9ec8a28e82bf29dd,Conrad,嘿——。
ce0517f9b97181e5,Kobold,什么事让您心情这么好？
67beed0c39e205b4,Kobold,嘿，康拉德！
9560e52eac466c54,Conrad,我和莱恩的约会……
f1afc0e7b46c4e3f,Conrad,真他妈棒！
4b512432c16ce478,Conrad,抱歉来晚了。我的睡眠乱套了。
258282b3a0c1182a,Conrad,不过我就是来洗个澡的。
b67855af6a6d0c66,Kobold,您得赶紧把莱恩的事全都告诉我。
9ab1cc314a249eac,Kobold,好的！我去开门。
1d28eb42dcdd879d,Conrad,别担心。我会的。
ab4070df9f9d3980,Conrad,<size=140%>嘿，<size=100%>想洗个澡。
8597b1ea1423580d,Kobold,嘿，康拉德。
3ed1272125c54574,Kobold,这么晚了，什么风把您吹来了？
d90de33a2137108a,Conrad,对，是我。
2ca9d5b1cf89ccc8,Conrad,今晚要去市里。得洗得一尘不染。对了……
f5ebf2a456433609,Conrad,听说了你和那个蓝色大块头的事。叫莱恩来着？
061d649bf4c733b7,Conrad,肯定玩得不错吧。
4193e2b4730c89ad,Conrad,希望顺利。
63ecf81d4e111712,Kobold,很顺利！谢谢关心。
0c7c795d2dd5eb76,Kobold,挺顺利的。
7b42e92a68e914e0,Conrad,那就好。
ae61bf1949b59852,Conrad,好了！
25ba5fd876754270,Conrad,康拉德要洗澡！
9333db61bcc08052,Conrad,全干净了……
8b45593ada7894a3,Conrad,你知道这意味着什么。
53e54ad7b23e6757,Kobold,约会之夜！
4f319a155b3e572c,Kobold,我得先关店——
f030a371b944e9be,Conrad,那当然！
f3296c9825518630,Conrad,你关店的时候我去给你占位子。
c215e512d572e96c,Conrad,我知道，我去给你占位子！
22d803e60de439a9,Conrad,好了！我准备好了。
092af5ec90bd21c7,Conrad,今晚我在酒吧等你！
e079ff157877ea28,Conrad,我看你每个角落都洗到了！
6749954edebda844,Conrad,我这就不碍你事了。
2bc72fd03dd6d9e7,Conrad,谢谢你这么晚还让我进来。
f001e3ed4df7e0ee,Kobold,不客气！
9d4a6cd35afcc17e,Kobold,随时欢迎您，康拉德。
5e4e2c64bc630fa1,Conrad,嗯……我会调整一下作息的……
5c58c3e6d4c7dc65,Conrad,谢了。我每次来这儿都很开心。
163137d1bff25904,Conrad,总之，能去开个门吗？
94d29a68cf0c8c31,Conrad,夜生活可不会自己开始！
311729708567a9d6,Kobold,完成了！
84da55b8523dba73,Kobold,<i>您一尘不染。
2bde145654bd4a8f,Conrad,看来是。
af144d6cb4daa5e6,Conrad,太好了。
8c873098ac0042a6,Conrad,谢谢你这么晚还给我洗澡。
028e30f8adf6e6ad,Conrad,你和莱恩的事得随时告诉我，行吗？
a398eca1fb8d9924,Conrad,总之……
234fc4abfc8d8619,Conrad,让<i>大C</i>出去吧！
a53a782390260e09,Kobold,大C……？
8e369560d1581070,Kobold,好的，康拉德。
f6b30f28e561466d,Conrad,呃……这外号还是算了。
ac2b2c6605839727,Conrad,哈……是啊……
fc66fcc7fd7d0e4d,Conrad,行，回见！
63b786e95b90bc5e,Conrad,那么。今晚。
1032684d93c794bf,Kobold,嗯？
85fec70372b092bb,Conrad,对。
6a74a80cafdccde8,Conrad,你该期待的。
06318559748ee640,Conrad,你绝对会喜欢。
6c4d5b09c5034364,Conrad,那一带的灯光也很棒。
95e9b7e01259ac1e,Conrad,真的很有气氛。
66e39f6379268a82,Kobold,把气氛留到今晚吧！
f9ae65b8ce359331,Conrad,哈。行吧。
1d1baaa8db27cb04,Conrad,对了。
ff84a4b13b8be2a4,Conrad,等我洗干净，就先出发去把位子准备好。
1598446fc49cdf80,Conrad,莱恩真是条好龙。
e2e3e43114ab1531,Kobold,他确实是。
03e1d33ec4a7f6e8,Kobold,怎么说？
73f5014bc8782ad4,Conrad,是啊，他对我特别好。
953a9b287930c86a,Conrad,他……很体贴。也特别善解人意。
41d3eda9c195fe48,Conrad,刚认识他的时候，我又犯了老毛病。
42fb7bc16778c0a5,Conrad,……说实话，有点混蛋。
66ad79997bc62825,Conrad,他就是……知道该说什么，把我拉了回来。
7f8b591142c62352,Kobold,真好！
98e27e864ef9bcd4,Kobold,莱恩是个贴心的人
7d6c8c039970d352,Conrad,是啊……他真的很棒。
5e25d0f2371f53e0,Conrad,谢谢你把他介绍给我。
189bf8eff795718a,Conrad,嘿，抱歉来晚了。
cf69f255df6f95af,Kobold,没关系。我大概一小时后才关门。
3aa0d9279bff43d9,Kobold,您什么时候来都行！
f135fa715daf4f0c,Conrad,啊。那好，我收回那句抱歉。
1af4464c602a423a,Conrad,哎，谢谢。
b127befdbae1da68,Conrad,你和莱恩的约会。
e00a5000d0f2cd2a,Conrad,那事怎么样。
9912569ea696f8ed,Kobold,康拉德！
7bd3b05552e5bd75,Kobold,哦。呃。<size=70%>挺好的。
051b72b94276cf81,Conrad,嘿，问问又没什么！
d5e5e7ee92b23759,Conrad,听起来是挺好的。
83e2bb850a49b35e,Conrad,哈，我猜也是。
9f69f9b215b926ee,Conrad,你确实很会用手。
2c910bcdb2651bf0,Conrad,我嫉妒了！
9e8a396c1742ffde,Conrad,……不是那种怪怪的意思。
06b2c581e253753a,Conrad,人家都说我那玩意儿很粗，是真的吗？
ba07cdd711c7d570,Kobold,哎呀
f2ea9d36d2c4032f,Kobold,我见过更大的
25cdc596cd23bedb,Conrad,你该摸摸帮我确认一下
c3565cd77a3dcba9,Conrad,但不是这个体型上的吧？？
bc1e29287f60b297,Conrad,你好啊，老兄！
f7a29676d9621163,Conrad,康拉德要洗澡，有空位给他吗？
8339b88ae51a85f6,Kobold,有，这边请。
d474060b980dd4bb,Kobold,我们可以腾个位子。
255d982b3d4c772e,Conrad,太棒了！
d391aece578e396f,Conrad,"<gradient=""yellow - orange""><size=140%>嘿！ </gradient><size=100%>这儿是洗澡的地方吧？"
89714ef9a2dd4db5,Conrad,我得洗得一尘不染。看来你就是干这个的。<size=70%> 哈。
198e07bd20a7e40b,Kobold,嗯，这边请。
6c70580a9b88273d,Conrad,好。不过得先开门。让康拉德进去！
ed1060b120921b51,Conrad,你有急救包吗？
33b8a4a45ccc09d4,Kobold,发生什么事了！？
0a1daca6a7ffe060,Kobold,天哪，康拉德。您还好吗？
20e5d8710e635ec0,Conrad,我没必要告诉你。
20e7bf03f9acda80,Conrad,所以，你到底有没有急救包？
b5df9715ed2e91ed,Conrad,我看着像没事吗？
b91e8be1b03d1b61,Conrad,不。我不好。你到底有没有急救包？
f974998c16103aa0,Kobold,有，我有一个。
8ca82a3bb03f138c,Kobold,有。但是，发生什么事了？
a94b34f629b2029a,Conrad,快……开门就是了。
c2ce80cda53b3e12,Conrad,嘿，大哥。
ef92f8b9796dcaad,Kobold,我是……狗头人。
3faf8798d815fbcc,Kobold,嗨，康拉德。
fe810d1ef6bbca3f,Conrad,呃……对。
fe59e121f203b436,Conrad,嘿。对。是我。
a911f2d8e77038c7,Conrad,看来你收到货了，嗯？
403e617f71fdbd7d,Conrad,那些打开的箱子里是什么？
2fa26a557574f06d,Kobold,我收到了一个坐架。
ba689238087b547e,Kobold,是您要的坐架。
a1d3f8d9c7e16f54,Conrad,<size=160%>太爽了！
24f5fb4981989960,Conrad,<size=100%>我是说——不错。
086c8ec178979d9b,Conrad,快让我进去！我想试试那玩意儿！
8b742c36f3da7059,Kobold,好吧……
c2ac4efff25192d6,Conrad,别……说得那么勉强。
faa0b4a641d866a4,Conrad,走起来吧～！
d22e2236304b2ef0,Kobold,什么事让您这么开心？
6183e901a5a22ddc,Kobold,嘿，康拉德！
3c0eb60cca3b1422,Conrad,嘿，大狗头人。
ad13467d89f77645,Conrad,你是不是弄了……
25aab860a8266c4c,Conrad,今天鳞片不一样了？<size=70%><i>有这种说法吗……？ </i><size=100%>你今天挺好看的。
42e1b9a73c953f33,Kobold,谢谢！那些……黏糊糊的是什么？
be118711068118d5,Kobold,哈。康拉德，您也很好看。
a4008861bf24c47d,Kobold,没有这种说法……不过谢谢您！
a951e05bf8506af1,Conrad,浆果。
765af85f1bd7eafe,Conrad,总之，
199e91c738a75b4c,Conrad,那当然！
926069483fd35835,Conrad,哈哈……是啊。我不太习惯夸人。
8c9dc9229a7630ce,Conrad,我就想快速洗个澡……能用上坐架就更好了。
5fae46a5c8669c29,Kobold,好的！我去开门。
daa08f627cbbfb9e,Conrad,对——不过你愿意才行！
20ee725c28fb397e,Conrad,我尽量不逼人。
374fe9cc22a15007,Kobold,哎，我去给您开门。
ae53715099e0d53d,Conrad,莱恩！我见到他了。
caefb85b87a51126,Kobold,真好！那些……黏糊糊的是什么？
0452c0f1847f4a72,Kobold,怎么样？
940b2bb279fbfd8a,Conrad,谢谢你让我和莱恩认识。
6c42e3202026a3e8,Conrad,说实话，非常顺利。
91b34251e9ff7711,Conrad,我从没想过他那样的会是我的菜……
abc0fe0ceed24339,Kobold,您得全都告诉我。
ab20df82132f07cc,Conrad,我会的。我就想快速洗个澡，今天也想用用坐架。
17c5f180de5a8348,Conrad,得为莱恩<i>练练</i>，你懂我意思吧。
106f99c061d35f26,Kobold,好——好。我去开门。
f71200a57e2d1d7a,Conrad,怎么了？热身很重要的！
65bee50d904e101d,Conrad,嘿嘿。还好你开着门。
4d5dda82efc31458,Conrad,想冲个澡。也想用用坐架。
0ecdd0ec4c0cf66c,Kobold,哦，好的。
3252727dec6314c5,Kobold,那些……黏糊糊的是什么？
91bc8d1d6dc8cdb7,Conrad,嘿。对。
1aced2f074444bdc,Kobold,哦。好，我去开门。
c571db95fc1e4f78,Conrad,啊，洗干净了，也轻松了。
e374c1b3adfa0cf8,Conrad,谢了老兄，明天见。
9b363afaa9dc8a5f,Conrad,我还脏着呢！
d7bb84bfc322967e,Conrad,我还一身泡沫呢！
2edaf16ee5b742a8,Conrad,洗得还行。
882508b81f97e7cf,Conrad,不过我去过的其他洗澡店至少都有坐架
51335374627e92a3,Kobold,抱歉……
598e348ffe7cc978,Kobold,我会订一个的，我保证！
3eba607f0573bf98,Conrad,别道歉！去弄个坐架！
4e52b9a8b0ae1335,Conrad,有自尊的洗澡师都知道怎么取悦一条龙。
25d0b6008550c533,Kobold,好的。我会订一个坐架。
2e92d12d86bf03a5,Conrad,好。行，放我出去吧。
426726c5d08284a8,Conrad,好，你最好这样。要是我回来还没有……
28c3830dac3b9c5b,Kobold,这是威胁吗……？
fac432bdcfb4b753,Conrad,呃，不是，我只是会非常非常失望。
ee7433c3dd161b65,Conrad,总之——放我出去。
7f9f3c8d0db46cbf,Conrad,我已经感觉好多了。
d4a62b147d5a622b,Kobold,身体上还是心理上？
0d49a74e82a2356a,Conrad,都有。
7e30c436a9112ecd,Conrad,你……挺好的。
229bd072e07a3d53,Conrad,我是认真的。真的。
ba15304b6e669701,Kobold,我只是做了我觉得对的事。
1fb463b57138c081,Kobold,我觉得您也挺好的。改变自己很难。
56c81331bdf0858e,Conrad,希望我能从中学到点什么。
3e2cb05f5d39c6e5,Conrad,谢了，但我会变得更好。我保证。
8a3ca437a0d6d164,Conrad,我不碍你事了……
c90e3d1d20fadd0f,Conrad,我一定会再来的。
6f64e0cc9b162541,Conrad,嘿，那个。我在想
dd5acacdb6c59489,Conrad,现在问可能有点奇怪。不过嘛。
7f39f874a107d858,Conrad,你知道什么好玩的地方，或者可以一起混的人吗？
df48dbfe82678dea,Kobold,"<gradient=""gold""><b> 我认识一条龙，莱恩。要我介绍你们认识吗？ </b></gradient><size=70%>（解锁康拉德/莱恩的关系，或莱恩恋爱线）"
7b870878852ee72d,Kobold,"<gradient=""gold""><b> 我不介意和您一起玩…… </b></gradient><size=70%>（解锁康拉德恋爱线）"
ac6820f366b18b44,Conrad,另一条龙？我平时不太合群……
de6f58682bdaacf9,Kobold,不会的。莱恩是个贴心的人。
d4185d9f80a34228,Kobold,别担心，他人很好。
9df619228ba627fc,Conrad,好吧。那我想试试。
d88679eede302f8e,Kobold,下次见到他我一定问问。
7984d45df6290f6c,Kobold,我觉得他会喜欢新的您！
bf35fcb679c816dd,Conrad,谢了。真的很感激
d32db8ee98680d0f,Conrad,希望如此。我真的想和谁重新开始。
8623a4b26a9521d8,Conrad,不过我可能得走了。
30dcd5391100eeba,Conrad,谢谢你的建议！
f1ad7345d30997b4,Kobold,不用谢。我去开门。
404cba15a4acdcfe,Kobold,当然。
8bf9f7d2ecce0105,Conrad,哦哦哦。
8929fe2569ae7455,Conrad,我想我会喜欢的！
2358a2257260501f,Conrad,你挺辣的。
c650e0aadadba99c,Conrad,……也很好。
296f2ab03f8676ef,Kobold,我也觉得您很特别。
7e00e03a0df3736e,Conrad,这……是你第一次对我“汪”。
c2599750a4dd9247,Kobold,狗头人语里，这是“你做得很好”的意思。
6f2ff920e860570d,Conrad,哦……哈。我喜欢。
8b7bdfb88553e72f,Conrad,听你这么说我很高兴。
e8ae0da9edb0a314,Conrad,那么。约个会怎么样？
781cbcfcd7920f3f,Kobold,有点快……不过我觉得可以！
5f9a2b795615ba6a,Kobold,好。
508f3cf175389841,Conrad,我想试试！
c282dd1133ff96d4,Conrad,好！那我晚点再来。
bfc65061708379d6,Kobold,<size=70%><i> 天哪，我刚和一条龙约上了。
cf78ef26075ae223,Kobold,好！我去开门。
6b8aa4fb55221728,Conrad,嗯？
c395eb5878798c08,Kobold,哦！没什么。我去开门。
102e28eb7d17c7dd,Conrad,哦，好。谢了。
ca518354e1f14735,Conrad,好，谢了。
4012236175bc195e,Kobold,您应该全干净了！
5fa2cf3854ecc8d9,Kobold,我想就这样了。
2ce654e6ba32ebb8,Kobold,洗干净的您真好看！
d6d9eff64b0d7187,Kobold,<i>我喜欢往您身上喷水。
feda452e0c677f41,Kobold,好了！应该完成了。
e2956ac74f8acb8e,Kobold,我想每个角落都洗到了。
ad0500f8d2500c0f,Conrad,一如既往地一尘不染。
297d60c9e5c25580,Conrad,对了，我想好去哪儿了。
fad448038cd06268,Kobold,怎么了？
f22c7f64f7e136d4,Conrad,市里有家俱乐部。“翼”。我一直很喜欢那儿。
5dcbc1f451fcc29d,Conrad,我在那一带算是个人物。
99c9d7ee0966d8d1,Conrad,我能给咱们弄到看演出<i>最好</i>的位子。
02f6a5560835daa6,Kobold,哈，好啊。我加入。
7137eb7d65d8f4d8,Kobold,哦哦，那您肯定是个大人物。
60c5caff4aee58e9,Conrad,操，哥们儿，我太兴奋了。
d37d98f486ba54c5,Conrad,我这就开始准备。
bf3d9317290e56b0,Conrad,下次我来的时候就订好位子了！
f11ccc8c0bd5ecbc,Conrad,能去开个门吗？
ffcc816df16993e6,Conrad,那当然。
c25790cd739260fd,Conrad,你才是大人物
b18d301dab41755f,Conrad,抱歉我不会调情。能开个门吗？
0fa2abeece5fd3de,Conrad,对！我感觉干净了。
1b5f2f27de868c08,Conrad,嘿，那个，你觉得我和莱恩<i>真的</i>能成吗？
5bc10e8175dc9422,Kobold,我希望能。
3da3a77980cb9eb9,Conrad,希望你是对的。
43e42fb816f1d2c2,Conrad,对，我也是。他人真的很好。
603a3749013e876b,Conrad,经历了那么多，很难不紧张……
189f4f64972cc1fe,Conrad,不过我可是个狠角色，没问题的。
40b8366766a655d6,Conrad,希望吧。
dde93c3f47e98763,Conrad,不过我们第一次见面很棒！
0a47996c4c389f39,Kobold,是吗？跟我说说！
589c19f0d1fb2d81,Kobold,太好了！第一次约会是什么时候？
56345c46f3840a46,Conrad,他给我打了电话，我们见了面。他真他妈好。
080824870e4c7a15,Conrad,他说我很随和，我们约好了约会……
75cf2f29bcbf5908,Conrad,所以我才来这儿！洗完澡就去见他。
35b34afec858433c,Conrad,洗完澡就去！
d925b0f0ac6611e6,Conrad,我们要去一家海鲜店——
5421d19c6a9cd188,Conrad,俱乐部的位子我已经订好了。
6ffd2844813c419e,Kobold,那我得赶紧放您出去！
d547385bcae74ca2,Kobold,我替您高兴。我去开门！
9458fe24a9152c2b,Conrad,哈……是啊，我很期待。
83a4b4bd32149db8,Conrad,谢了，我也很期待。
6fe24a5cf11acb37,Conrad,对！一如既往地干净。
8f0378325ead68c7,Conrad,你和莱恩有什么计划吗？
a12011af4e943fb2,Kobold,还不确定。
c3393181a97b4208,Kobold,我在想近期约个会。
5ef95c64f52e6263,Conrad,好吧。你俩看着确实挺配的。
6d8a46a5e1da81ef,Conrad,我真心希望一切顺利！
1884386d93b6fccd,Conrad,对！那就太棒了。
c5cace2191af6925,Conrad,你俩真的很配……
9e806b93dd0d48fe,Conrad,希望一切顺利。
83a8afa550485db4,Conrad,应该就这样了，能去开个门吗？
8dc7f14f91542fe7,Conrad,所以你和莱恩，嗯？
498cb71ee3e20098,Kobold,哦，对！
37d827f8025ee687,Kobold,他很帅。
64db0ca49ca9563d,Kobold,他是我梦中的龙。
bdfc096fee84c4fb,Conrad,我替你高兴！
cb24c38318e64595,Conrad,听起来是。
0e5b54a94da4725b,Kobold,您呢？有让您心动的人吗？
5f9173229e51d947,Kobold,是的，我也很开心。
68fa6f383249196c,Conrad,算有吧！我最近出门多了。
e589607da4e2983d,Conrad,认识了一只狮鹫。跟我差不多大……
d69f5ee422fdf377,Conrad,我觉得他喜欢我。
9aab87987aca7783,Conrad,……<i><size=70%>至少我喜欢他。
88b86bef7b86a770,Conrad,对，他看着挺对我胃口的。
b6d2d6ccb52c5166,Conrad,哦，天！你真够大胆的！
e5c48d779d6422b5,Kobold,唔！（对！）
e0ecc38d8bbe3790,Conrad,嘴里有东西别说话
fcfcfc2c31be11e5,Conrad,准备好了吗？
6b426873374bb7a4,Kobold,再等一会儿
91213ceb7548b8dc,Kobold,准备好了！
72e3cb39cf4a181a,Conrad,康拉德想撑多久就能撑多久
3f2d1b3f808a4ec7,Conrad,你准备好了我随时可以放开
46438371960f0974,Kobold,还没。
d893ccbfc95475bc,Kobold,来吧！
aa1a7618e29e4482,Conrad,嘿，我没意见！
aa116a5879e94072,Conrad,我服了。
45a9ad3bf69b0498,Conrad,准备好回俱乐部了吗？
4db30f4a0f40d350,Kobold,我觉得好！
d7e01674d2776085,Conrad,我真不知道你是怎么做到的。
9b277d164ba8a630,Conrad,不过我没意见。
73433af885509f84,Conrad,太爽了
10069c101bcc95c1,Conrad,……！
82d37703a9140210,Conrad,该死，你真会用手。
95be71f702fae4a6,Kobold,哈……<size=70%> 是啊。
b60c2f975eedb833,Kobold,当然。我可是<i>专业的</i>。
f9e0d3cba1f3548e,Conrad,狗头人知道自己喜欢什么，总是件好事。
0eb2a1e25a35e85e,Conrad,我也是。
83d081eadc40b86b,Conrad,专业被撸的。
5dffcc40132f0ec4,Conrad,现在我盯上坐架了……
45c2b89acdcfd55d,Conrad,让我试试！
57725c300be82fa5,Kobold,哦好。我去拿。
1976e7477a26b680,Kobold,好的！
9e50b8e48f012f1f,Conrad,太好了
81b18a3cc2f69ea7,Conrad,呼。
748b06c5c3f0552b,Conrad,刚才。
e92da2c203110197,Conrad,刚才<i>真舒服</i>。
bcd00a8f7b94c7f1,Kobold,您刚才真是拼了。
67d7d2492d388d84,Kobold,您看起来很享受。
65e7a40050eb4acf,Conrad,我一向如此～
5c9126f1405a306c,Conrad,当然享受！
91181a317c2e2e2c,Kobold,那就好……接下来呢？
ae7bb31b012d1f51,Conrad,接下来，第二轮！
18b0b44df315e792,Kobold,又来……？
f395d053e5dcf326,Conrad,不不，你是持证洗澡师对吧？
5117686f8d936e47,Conrad,说明你知道怎么动手！
a441237f7aea8d53,Kobold,哦。<size=70%>好吧。
d2e773775c5bf598,Kobold,好。我这就来。
d126a37255fb8144,Conrad,哈。对。<size=70%><i>洗澡学校还教怎么给龙撸，真不错……
fba1924f5f79713e,Conrad,好吧，祝你能用手把我全握住。
37950c8a8db90865,Conrad,你要是把坐架给我放好，我就上。
8f224115163c0dbe,Conrad,嘿，用手弄我那儿——很舒服！
785bfdcdb6a67739,Conrad,那个，能开下门吗？
c1dc3477631255b7,Conrad,我喜欢你选的坐架。能拿过来吗？
100bc339b65689dd,Conrad,那么。你要给我撸吗？
7e079188b55eb03d,Conrad,谢了。真他妈舒服。
b9778eb1fe076168,Conrad,哈！坐架在这儿！
86b1b615d536c6c9,Conrad,那<size=90%>么<size=80%>么<size=70%>么<size=60%>么……<size=100%>我不脏。但我<i>～很脏～</i>你懂吧？
449244744c8bbd8a,Kobold,所以您来就是为了……
f8c28806b84cad3d,Kobold,对。不算太贵。
cd4ecc87775c0780,Conrad,干点什么，最好再来个手活。
01e3f480dfe7930d,Conrad,来个手活，再干这个坐架。
7f9240260973e0ce,Kobold,您……真直接。
e0b48878cb57c01f,Conrad,那当然！我知道我很……
1bd882b6a6343777,Conrad,不错。
557321787688acff,Conrad,总之。现在就用这玩意儿！
78e9c032e409d82d,Conrad,哈，好。来给它开开光！
87e002767e44df8e,Conrad,那<size=90%>么<size=80%>么<size=70%>么<size=60%>么……<size=100%>我在想
2d6d31d664759240,Conrad,你们这儿也做<i>特殊收尾</i>吧？
906e9b3e20a54dc2,Kobold,我们这儿每次收尾都很特殊！
c41cb150dfd261d8,Kobold,是说……那方面的事吗？
d704d8fd39dffd37,Conrad,呃……那不是——
c9ce0c4dd28236fa,Conrad,你们这儿会让大块头的龙，<size=60%>比如我，<size=100%>射出来吗？
daac14e0bc00f0ad,Kobold,哇——呃——<size=80%>哦。<size=60%>我们不——
824dda92c5ffbad9,Kobold,哦，不做。
b778e4a7f32732fb,Conrad,什么！？太糟了！你们连坐架都没有……？
96b0e7561e23fcbb,Kobold,呃……<size=60%>没有？
175ccc13192756d4,Conrad,那你最好弄一个！
fcc67c51c62fb4e9,Conrad,至少你还能用手。嘿。
a29919179016a4e8,Conrad,是吗？我连坐架都没看见。
6ec80eb8deb5afd8,Kobold,哦……对，我们没有。
22706d3faee3b165,Kobold,不，我们这儿不提供那种服务。
4a8d1297fbe8f246,Conrad,真可惜。最好改改。
4356fa179bb80e09,Conrad,我真是个白痴。
d886f3d923f9c796,Conrad,这种破事我一直在避免！
ea8c1853a7d5966c,Kobold,您想说说发生了什么吗……？
bded00d07cb1e457,Kobold,很抱歉您受伤了……
02f000041eb5ab82,Conrad,才不！太丢人了。
58356b98fdf40dc3,Conrad,我不需要你的同情！
cb7847cb63566364,Conrad,只是……
b48f291ebc6b18fe,Conrad,我讨厌自己总是陷入这种境地。
519b07c299436f2a,Conrad,开始觉得是<i>我的</i>错了。
f5ad489eeba50b01,Kobold,<i>这</i>不是您的错，康拉德。
6402f4608ceb7bbb,Kobold,真的很抱歉您受伤了。是谁干的？
8e59613d6cd60464,Conrad,这次我真觉得是我的错……
7058e362e43623f0,Conrad,酒吧里的一条龙……我太蠢了。管不住嘴。
ea289ebcdd7e81ef,Conrad,就是酒吧里的一条龙。我太蠢了……管不住嘴。
aff317c06781bc70,Conrad,我不明白！为什么我非得这样？
da5eed4c72eb1073,Kobold,哪样？
193bb66a944990a8,Kobold,我觉得您挺好的，康拉德。
c69250ea092a7fcd,Conrad,就……混蛋那样？我知道跟我在一起很难受。
c2f21da58e28df4f,Conrad,你人真好。我不配。
9c529e9f79f39a21,Conrad,我是个混蛋。我知道。
4b7317a793a0f728,Conrad,抱歉刚才冲你发火。
c4c0c9950baa723f,Conrad,你不该受那样的对待。
9fa8cd9193124e79,Kobold,没关系。您显然经历了很多。
249133e0671a807b,Kobold,没事的。
c61717fe95ec2b9c,Conrad,那也不代表我该冲你吼。
652daa6043287e1b,Conrad,不再找借口了。
65b4e7b9caad6028,Conrad,不，有事。不再找借口了。
334ade0356dff453,Conrad,我得变得更好。我<i>想</i>变得更好。
1d190e45e1ddc239,Conrad,只是……别告诉别人我说了这些。
3969155d983b9b32,Kobold,您的秘密我会保守的。
bd7f2cf961e397ca,Kobold,我不会说的。
0cd12abef67edc64,Conrad,……谢了。
bbaef120c3a81475,Conrad,还好你有急救包……你准备得真周全。
a5965f548b64e3cf,Conrad,嘿，我有个问题想问你。
9ad0664c4ac1572a,Kobold,什么问题？
d448809fdbbeaf11,Kobold,哦——是吗？
51dbc8c7be16145b,Kobold,怎么了，大哥？
ccd88381d07a0b21,Conrad,啊对，就是这样……继续。
f81a53c29135dfa5,Conrad,嘿，那个……现在不行。
b902443f60bdba87,Conrad,哇。呃。
ccdcfc48472b3533,Conrad,平时我肯定答应用坐架。但现在不行。
bae76fc276bb2030,Dragon,哦，好多了，但我还是觉得脏。
ce6aaf93738f317e,Dragon,能再检查一下我干净了没吗？
c54cbee211a25e14,Kobold,好的
d139edc8ffdc22b7,Dragon,别闹了，我们还没洗完呢。对吧？
631ef624f4506ea7,Kobold,嘿嘿
e820f3ec0397737f,Dragon,哦！好冷！
8408ed2f21e73811,Dragon,哇！冷！
46f3ba9fc7d04fa7,Dragon,嘶！冷水！
00221b8a2772003a,Dragon,呀！
9b99cd22a6f3f85a,Dragon,哦，洗完了？
7022570f87a73481,Dragon,我觉得你还漏了几个地方……
27db29faa5e11bb6,Kobold,哎呀，抱歉。
4fff64bb7aeed72f,Kobold,我不知道那个按钮是干什么的。
b0869fc4ea46c5bd,Dragon,没关系，
cb554196ac99a428,Dragon,对，它会“哔——”一声，哈哈。
345b04bed8d1a7e0,Dragon,总之还好你没洗完，继续吧！
7a8942e2613fa23c,Dragon,谢谢你帮我洗澡！！
c92c35bb9f44dac4,Dragon,以后能一起玩吗？
2cb6318b9f4550a8,Kobold,好！
28454e931a2d3578,Dragon,太好了！那回头见！
dcc524605bec9fd8,Alexander,这是……
d010c18e5ff478ed,Alexander,哎呀，不……
f025190cb1adde9c,Alexander,在下无意失礼，但必须婉拒
eec9d16c87323040,Alexander,这是常见的做法吗？
929e50391bfd0646,Kobold,哦，是的
b6547fc9d980c16e,Kobold,不，其实我刚弄到
40df3c9d9e1d5126,Alexander,原来如此……
d3acad6a7014a598,Alexander,这感觉有伤风化
ab5a3375052f41eb,Alexander,不过在下不能说不好奇
c5ba4f5f1cdff517,Alexander,即便如此。这次还是算了
14ecee0afc63c845,Ryan,这次约会我好期待呀！
90ba900c65607127,Ryan,我带了西瓜、面包、葡萄，还有些别的。
690cf2b49eb95f79,Ryan,你有什么心事吗？
1648a912c46f7fec,Kobold,昨晚出了点事
b3979a44b5b9376a,Ryan,哎呀！想聊聊吗？
02c33e4e3c09bc79,Kobold,康拉德出了点事，希望他没事。
7680ca7ff15f1566,Ryan,我也希望他没事。
7ba9e65f61ca2369,Ryan,这个太好吃了！
ff74b82dcb8a11d3,Kobold,哇，看您那样吃东西真是一种体验。
5b14f19a86849ff5,Ryan,哪样？
42af2c2067728998,Ryan,哦，就是整个吞下去那样？
37f99dd7cbcf5b6f,Ryan,看情况啦！龙就是这样的。
bcda1f48383d915f,Ryan,嘿嘿，能重新开始约会我好开心呀。
b57c370a0fcc7045,Ryan,嘿！
d5be54b666b3d38f,Ryan,我一直在想你说的话，
ffcaf369ac8b1a74,Ryan,就是关于重新开始约会那事……
89f52a0dc3d757c1,Kobold,嗯
ecab929d37109ab0,Ryan,我知道你太忙了，所以干脆把约会带过来啦！
92d9da0b0b22fd7a,Kobold,太好了！请进……
638d7c049f321a6d,Ryan,太棒了！我对约会有信心多了。
8e87e6b28fb697c4,Ryan,又来啦……
346181d6c9954315,Kobold,欢迎回来！
53ca70e25fc42870,Kobold,又是您？
b99d68084de082b6,Ryan,嘿嘿……嗯……抱歉……
81f2cb133d548396,Ryan,就是，我出了点小事故……
d3e25fe68c13c02d,Ryan,我听到砰的一声
ce386faf68f3df7e,Ryan,不知道那些东西飞哪儿去了，但我感觉又脏了。
60c1424a59a1c912,Ryan,能再帮我洗一次吗？
917613bbf36e4b93,Kobold,当然！这边请！
a45ce5a6357ad76f,Ryan,呼，我还担心又把事情搞砸了。
ca1dd92cfbe2dcd5,Ryan,这下他们永远不会知道啦！
f2bdff14318fd81c,Ryan,我感觉身上还有些爆炸的污渍……
6a1900ba2212696d,Ryan,能再洗洗吗？
85a39ab345d672ff,Kobold,好
1562d2eeb95b795a,Kobold,抱歉
3bcf70f39eca74f1,Ryan,没事，谢谢！
9df62882448c291b,Ryan,呃，我身上还全是泡沫呢！
29d1991e26b1773d,Ryan,能帮我冲掉吗？
58246ed8cfcdfa19,Ryan,对，我一身泥，我最爱在公园里撒欢啦。
f27e94e23a2cc6eb,Ryan,我还是很泥，能帮我打上肥皂就太好了。
c24aaf031df991a1,Ryan,那个，需要我动一下就说哦。
8bb630e0c8dc64ac,Ryan,用手碰我一下，我会尽量配合的。
bcee068ce8220b8e,Ryan,谢谢你帮我洗澡！
2c4f3b41240d00cd,Ryan,我一直很期待呢。
e304ea7f521df3f2,Ryan,洗完了就按按钮吧。
ac51ca95656fffdd,Ryan,我是说墙上那个按钮。
8fd85e09be693fbf,Ryan,麦克斯说我是条笨手笨脚的龙，
d2261edb51b885d9,Ryan,希望你能帮我证明他错了！
9df1eb0e35a5d36a,Ryan,先打肥皂，再冲干净！
5e7b1eae20d0fb72,Ryan,至少我是这么听说的。
255bd9c513473506,Ryan,哇，谢谢，好舒服。
77ff00f75a7c2083,Ryan,浑身是泥其实挺好玩的，直到它开始变干。
620caab5d90b8d3f,Ryan,能洗掉真开心。
afa88441bc4fc8d9,Ryan,谁能想到一条龙能弄得这么脏呢？
2ea6d5d46861d1bf,Ryan,我在森林里撒欢来着
c65b5342f0285c16,Ryan,直到麦克斯吼我，我才发现自己弄得多脏，哈哈。
0da72197e898ebe1,Ryan,有人吗？
334d016f755cd6dc,Kobold,您好！
dfba3eb46cb5fc14,Ryan,哦嗨！那个……
299e9d1e919c3a49,Ryan,听说这儿有狗头人可以帮我洗澡？
08c8207cff7cb565,Ryan,是这儿吗？
05d9cdcce06b0c12,Kobold,我就是那位狗头人。汪！
d12499a3f17512de,Kobold,是的，欢迎来到 Drag'N Wash！
b8e3a13e8da1caf6,Ryan,哈哈，你确实是！
213c112ac748eb9e,Ryan,太好了，那个，
092808653667e9ff,Ryan,我怎么进去呀？
0f3f0b7e817061e6,Kobold,请稍等，我去开门。
44beadf6316d890e,Ryan,哦我看到那个按钮了，明白！
af8d3a1f26de30ef,Ryan,谢谢，我等着！
3605a9273b22288b,Ryan,嘿，能到前面来让我看见你吗？
720febc2a9d251aa,Ryan,我有话要说！
6852c864bbd2afef,Ryan,我想面对面说话！
0918205f97d74d78,Ryan,你能到前面来，我就能说了。
c8f453084718c8cc,Ryan,别人跟我说过，跟小个子的人面对面说话才礼貌。
4d13604e28159e56,Ryan,注意一下你的爪子往哪儿放好吗？
a46a0805bb6a5eda,Ryan,谢谢你这么快就洗好了！
168c7d0bb7743dec,Ryan,对了，要是你的伴侣把家里弄得一团糟，你会生气吗？
3ae7f278ef092258,Kobold,看情况
0dfd80e1f981faca,Ryan,哦！嗯，也是……
8f207ab27746c010,Ryan,我想是要看情况的。
86b57f75d4c04b75,Ryan,我就知道你会站在我这边
0712e97652e51758,Ryan,我玩得很开心，那回头见啦！
17f93a33eafe382c,Ryan,能开门让我出去吗？
098ac93ca7999f8c,Ryan,所以你是持证的洗龙师呀？
0bf9a145c66c512b,Kobold,其实这是我第一次！
9b9024cada67653e,Ryan,哦真棒！
4eb8bdb270c030ae,Ryan,那对我们俩都是新体验啦！
ff152503516900ee,Ryan,对我来说也是新的……
13d1c29ec8784cae,Ryan,没想到这么舒服。
73d08af95ae8835e,Ryan,我喜欢泡泡，痒痒的！
83af94fb3d626970,Ryan,不过看它们冲进下水道也很好玩呢。
6bc811f815ef9e24,Ryan,用墙上的喷头把我冲干净吧。
0d26aa953ca02c41,Ryan,我应该全干净了！
699cdec6a62f5ff3,Ryan,比用水管舒服多了。
c3bbf19f280c6dde,Kobold,不客气。
66984a1e53d3e869,Kobold,嗯！随时欢迎再来。
d629b0ed3f97727c,Ryan,我一定会把这地方告诉别人的
e12cf68db48908a3,Ryan,我一定会记住这地方的。
29a9062b9b45c6ef,Ryan,哈哈。也对你“汪”一个。
8a15c5bd16af8e2a,Phone,您好，<i>“Drag'n'wash 223号加盟店”……</i>您和第一位顾客交谈过了吗？
276bc2be4d36787f,Kobold,刚刚！
d3c6dd1cf6eefa2a,Kobold,是的，已经谈过了。
38526f3244d3b009,Phone,啊，很好。
4d4a3684433b7f10,Phone,那么——祝您度过高效的一天。
693491dd1e43554f,Phone,您好，<i>“Drag'n'wash 223号加盟店”……</i>您弄清楚如何操作了吗？
3d08b37cdf5c2183,Kobold,还没。
01888febaebd67cd,Kobold,我想我明白了！
085283be600618d2,Phone,啊……
4ad86617a918d8ec,Phone,那么，请到窗口与您的顾客交谈。
18e83723472ff06b,Phone,之后当然还需要让他们进来。
bb645759b5bd99d4,Phone,很好。那么请务必到窗口迎接您的顾客。
7d869361bdb13d98,Phone,祝您度过高效的一天。
30985c07d735bdc3,Ryan,听说这儿有狗头人可以帮我洗澡？
32cfb777c0a1ca30,Kobold,嗯！我就是<i>那位</i>狗头人！
900e8c593033c189,Ryan,我叫莱恩。那个……
273533e355fd12cf,Ryan,啊……？
3faa3f1d46e0e544,Kobold,哦——我是说。我去开门！
ce6db45f1866ad91,Ryan,啊，我看到那个按钮了，明白！
425d9584e840b683,Ryan,好，我等着。谢谢。
c2aa03c999eb7731,Ryan,嘿，我有话要说！
5b798fca0ab51d6c,Ryan,你能到我看得见的地方来吗。
1cb7709c2b6cdc0b,Kobold,我才干了几个星期！
fbd8fe3b49aed7c5,Ryan,我平时在家用水管冲冲就算了……
3f742efbf9edb2ee,Ryan,那对我们俩都是新体验啦！
e6c276d67e994ed5,Ryan,说实话，没想到这么舒服。
e99ba1a86146f1aa,Ryan,能暂时逃离外面的一切，真好。
cb57ee6155ed6ca5,Ryan,好啦。全干净了。
f6d370e531334fab,Ryan,抱歉刚才跟你倒了那么多苦水。
a402a75e0522e087,Kobold,没关系！
94e0ea6f97e24a81,Kobold,我知道有时候日子不好过。
ee65a6c9748b539c,Ryan,要是像电影里那么简单就好了。
0e95dd9dae12e50e,Kobold,随时欢迎再来，莱恩。
78c778b6ee0575d9,Kobold,如果您还想聊聊，我有时间。
f204fcc6b711621e,Ryan,我会的，谢谢。
72eaafd8ad3f6b0d,Ryan,你确定？不是什么……开心的事。
fe454a1e25772898,Kobold,您说得对。我不该多问。
513af1a2eeeef9b6,Kobold,没关系，您听起来需要说说。
f3ff11acd1b54309,Ryan,没事的。谢谢你。
0b61ba409dc46906,Ryan,嗯，你说得对。
5459b9d74fb7a529,Ryan,是这样。我女朋友比我先到家。她是在家工作的龙。
2cd54468954ee8c7,Ryan,我回家的时候有点脏。她就冲我吼。
f7e4ec27dd7d6527,Ryan,让我去洗澡，表现得特别生气。
2880304176197c02,Ryan,对我一身泥……<i>真的</i>很不高兴。
250b97243d1df1f7,Kobold,所以您第一次才来这儿的？
bc78d04f7d5861dc,Kobold,她的反应听起来有点过头了。
08a70054f59e703a,Ryan,嗯……
6079131a1c79adef,Ryan,不过说实话，你帮了我很多。
92536deee525f694,Ryan,给了我思考的时间。
c3be2f1d3fa4404d,Ryan,我也是这么想的。
9ebcf8a46cc189b7,Ryan,我觉得她是为别的事不高兴……
8c3115a4e2a9a664,Ryan,我只是不喜欢她拿我撒气。
393d8e5925dc5937,Ryan,总之——
7258b4e037805024,Ryan,谢谢你听我说。
951382e00968439d,Kobold,随时奉陪，莱恩。
c41f39341b6c49ef,Kobold,当然。很遗憾您经历这些。
553b3b011e56f6e2,Ryan,没事。我会想办法的。
a7f68522a6e41971,Ryan,好，再见！
7825d92f67bdcdef,Ryan,又来啦！
cd26586143766826,Kobold,嗨，莱恩！
6a67a8866ec70c09,Ryan,嘿，很高兴又回来了。
921bd4effdaa2a2f,Ryan,哈……你真喜欢那个声音呢。
387d0da740d0826e,Ryan,我又需要洗个澡了。
e542b800ecfc350a,Ryan,我想离开家一会儿。
78b22bcc76942425,Ryan,我和几个朋友出去了。
21abbb56e463a200,Ryan,玩马克笔很好玩。
da3405e1151a476e,Ryan,不过我觉得该洗干净了。
41dc14e2cd744b1b,Kobold,哦，好的。请进。
b231225bfcc08d4c,Kobold,一切都还好吗？
056b5511850d7220,Ryan,好，谢谢。
b4e4d893367947a0,Ryan,嗯，没事。抱歉。
c9cdea9d31e53d5b,Ryan,就是今天有点难熬。希望洗个澡能好点！
ab74167fe23c9db5,Ryan,那个，门？
5cbc0ceea57587db,Kobold,哦——对。马上。
08411b780900fb59,Kobold,当然。稍等！
a386908e3024f35e,Ryan,太好了。
580684f8909e025d,Ryan,嘿。
a1dd2ff2d1ef6beb,Ryan,我能问你个问题吗？
2acd4405a7f14ae3,Kobold,您已经在问了，怎么了？
c10c037156053bfe,Kobold,请说。
4f6d869aa239596c,Ryan,哦，对。抱歉。
0fa0dff561f86016,Ryan,就是……关于感情。
9a38b89ed035e464,Ryan,如果一段感情<i>那么</i>坎坷，你知道它会结束。
9b943020b9ae2658,Ryan,你也什么都试过了。
954ba66a076849a5,Ryan,那到底什么时候该结束呢？
f173e528733bb05a,Kobold,哎——莱恩……
7b102f547a549072,Kobold,我……不确定能替您回答这个。
d74bb8fcbf89b62a,Ryan,我知道。我知道不该把这些倒给你。
64973f6ac9ac08be,Ryan,只是和你在一起让人很自在。
93fa9e1a16f34a7d,Ryan,你说得对……你不可能替我回答。
797653f5e081152e,Ryan,我只是很高兴在这儿不会被评判。
b11d41e01fefb995,Kobold,谢谢。我也喜欢和您在一起。
c6df1e087ef5d8e4,Kobold,希望一切会好起来。
91c0e3e9014024af,Ryan,我也是。
01e6332ab274c6d3,Ryan,应该都洗完了。
e7b753ddf576b075,Ryan,谢谢你。你让这一切好熬多了。
021d801f68652852,Kobold,这里随时欢迎您，莱恩。
dc18b85912d460dd,Kobold,您是我最喜欢的客人之一！
7ee443bc5e93fadb,Ryan,你总是让我觉得受欢迎。
c851929ab3cd9537,Ryan,哎……谢谢。我把你当成……会很奇怪吗……
e0464d0955af808a,Ryan,一个很好的朋友？
77876a1074c9c3f3,Kobold,<size=70%><i>哦——</i>不，其实这样很好。
e2c8744d410cb6f6,Kobold,我也把您当好朋友
29fee2ec355f7967,Ryan,哦——太好了！
51200db7892ee7e1,Ryan,嘿嘿……谢谢。
91c56a4e9213a4b0,Ryan,好。我该不碍你事了。
523791f6550c3508,Ryan,我还会再来的，好吗？
667cadad21e120f0,Kobold,好的！我去给您开门。
18f0197237db4a52,Kobold,期待再见到您
952d54adb781ab58,Ryan,谢谢。回头见。
49e50c5be7d1583e,Kobold,莱恩！
c1cff3dbff6bfce2,Ryan,是我。
03810482331af8e2,Ryan,很高兴来这儿。
e1a42aae663ccf1f,Ryan,又来洗澡了。
fc7ed7b68999fdae,Ryan,我……
be0667bb01a8cd65,Ryan,算了。能开下门吗？
20ed966db540aaaf,Kobold,好，我去给您开。
6c0973b0166d3528,Kobold,莱恩？您确定没事吗……？
8dff101cb2298f67,Ryan,不，不太好。
1990b3ec8cd88a48,Ryan,我等会儿告诉你。现在能先开门吗？
33e04b2f805d0e1a,Kobold,好的。不过希望您没事。
aac215f048e8ee54,Ryan,我能撑住。
eb256f4dcddfee94,Ryan,关于刚才。
1a17d73907f63be1,Ryan,几天前……
87a781aa9b0c0136,Ryan,我和伴侣分手了……
f68b8d76138a2a69,Kobold,哦……我很遗憾。
d6077ef6cdb59db1,Kobold,哎，莱恩。
d296154ff317814a,Ryan,没事。我必须这么做。她没让我快乐。
8a2e2803c1bc2ea7,Ryan,我也没让她快乐。
d9e1edc2e966ec26,Ryan,不过再多的理由也不会让人好受。
769c31039308d04d,Kobold,很高兴您能做出对自己最好的选择。
460c50191c964260,Kobold,结束一段关系从来都不容易。
8825be71018f7f88,Ryan,嗯。至少因为这样我认识了你。
3e43d550d0572c10,Ryan,嗯……确实不容易。
8948d011be56c311,Ryan,不过，至少我认识了你！
e484863d425a58e8,Kobold,谢谢您，莱恩。我也很高兴认识您
e39173e934f56c78,Ryan,在这儿洗澡真的让一切好受多了。
94f45fc9f39121cd,Ryan,而且真的很舒服。
9221ab210b374d30,Ryan,哦——我现在不太想用那个。
f3f18c2eea794920,Ryan,也许以后……？
3b1c48772bd5889e,Ryan,呼……真舒服……不过弄得有点脏。
2d434662c42f6a6c,Ryan,你确定……？在食物前面？
031703a96ac0df8c,Ryan,嘿……好吧。
833d21b8cd952764,Ryan,弄得有点脏……不过值了。
2f31dcbcaa980550,Ryan,哇……你想让我用那个？还有食物在呢？好吧！
379060351b7eda00,Ryan,<b><i><size=130%>你把莱恩介绍给康拉德了吗？
8a798890fe938171,Kobold,是
9390298f3fb0c5b1,Kobold,否
578f5563ae25f1ce,Kobold,哇……您嘴里叼的是什么？
c03386d6c9efb92a,Kobold,嘿莱恩，您拿的是什么？
d85dcd17cab55fde,Ryan,野餐篮……（含糊）
b9c2f8ae41c83ebe,Ryan,说不清楚话……
696058e475fae76a,Ryan,让我进去？
1f843189eaccc2b6,Kobold,哦！好。我去开门！
9cc8b0255238b35e,Kobold,好的，我马上给您开。
1facde273315d636,Ryan,谢啦（含糊）！
6f8c64dde681ced5,Ryan,呼……我正需要这个。谢谢。
9fec39c7cefbaca2,Ryan,嘿……今天手挺不老实呀？
48ffbc93e2486713,Ryan,呼……谢谢。
c7f3dbd886d929a7,Ryan,坐架？好呀！
6fc39ec69d974bb4,Ryan,我想你每个角落都洗到了。
b050469dea41d597,Ryan,谢谢你帮我。
25ec1c59caa5e66c,Kobold,我随时乐意给您洗澡！
2a67fb93196e8722,Ryan,哦——不只是洗澡。
2140dcb75dc2d0f9,Ryan,就是，所有的事。
a6d4dab5c8699946,Ryan,之前那次分手很难熬。
1fd66775cea2eb4b,Ryan,这里是个很好的避风港。
8f4dc96f133fa75c,Ryan,而且我真的替你和康拉德高兴。
8ed791569d35f02c,Ryan,下次来再见，好吗？
d38d6a1844481871,Kobold,见到您总是很开心，莱恩。
c88980c837fb6592,Kobold,我去给您开门
b1e1c4e40f4aaeec,Ryan,你也是。谢谢你给我洗澡。
c5f14714a1e0439c,Ryan,这真是个美好的避风港……
3eb55bf5de9c718b,Ryan,你还把康拉德介绍给了我。
7aa8987bf569468c,Ryan,他很棒。
c9e5fbe3317edd3f,Ryan,你知道这意味着什么……
f553e58b991e05cc,Kobold,约会之夜！
0eb7accf7a8bffc3,Ryan,意味着我准备好和某位狗头人约会了。
e7da2124354de72f,Ryan,我知道你得关店。我会把地址给你，我们在那儿碰头，好吗？
6b7ea0261a825f1b,Kobold,好呀！
7809df3c2e9fa860,Ryan,我真的很期待。
dc9e132cf2897c30,Ryan,好，你去开门，我先去那儿！
7d5a43fcbb4e03de,Ryan,回头见。
1f2c5ed668dc8972,Ryan,那么，多跟我说说康拉德吧！
522b54ddedc9ae6c,Kobold,他最近友善多了。
9df47f9485e2d886,Kobold,他就像……一个被尖刺包着的大软心肠。
2e0446089ab2f237,Ryan,是吗？听起来他有点火爆呢。
eb926b4bc196ac32,Ryan,不过我了解这种类型……他们内心往往很柔软。
8ea9e02ddeed61e3,Kobold,对，他进步了很多。
5085892250461c04,Kobold,嗯。我喜欢这点。
53011f72775c8ca4,Ryan,听你这么说真好。
4fbcc070e27c4736,Ryan,没有什么比一个能进步的男人更有魅力了！
aa8e7dea9ad61538,Ryan,很高兴你们俩处得好。
390bea406a842664,Ryan,太棒了。很高兴你们俩处得好。
f147cd900de98aeb,Ryan,啊，对，那种类型挺可爱的。
883fec192f3d1119,Ryan,听说他最近进步了很多，对吧？
b5060af9808e8c7c,Kobold,嗯，他在努力。
702195668cf48039,Kobold,我觉得他以前的环境不好。现在好多了。
1e681c01b417052f,Ryan,这就够了，对吧？
9056022b2085d3b7,Ryan,不过很高兴你们俩处得好。
932d7df9b58f5376,Ryan,那就好。
e76e544c771880f3,Ryan,约会的时候康拉德一直在说你。
2e21aa0b86c092fb,Kobold,说什么？
271a662aed24f160,Ryan,跟我说了他被打的那次。
1b0b214cb2df69ec,Ryan,我觉得你帮他的比你自己以为的多得多。
ad14c398c575824b,Kobold,我只是在做我的工作！
daddaa15545566ce,Ryan,是啊，但那一刻他需要有人在乎他。
f03747feadc10e71,Ryan,据我了解，他已经……很久没被人在乎过了。
2ed3613575959ca6,Ryan,就算你只是在做工作……我觉得也帮了他很多。
658add118bb17ed5,Ryan,所以，我替他谢谢你的在乎。
8ca78aefdf9d3b44,Ryan,我知道他有时候火爆，会忘了跟人道谢。
9176dd2bd815750c,Kobold,哎……谢谢。
5a4dcf1ccff086af,Kobold,听您这么说我很开心。
6db8bf6280f68edb,Ryan,哦。还有一件事。
49e6d82bb7d163af,Ryan,约会之后我们还做了。
e06e957ec854ab4c,Kobold,<size=70%><i>哇……
9b2ad1c8b149bf00,Ryan,哈，是啊。康拉德绝对很有经验……
bc156217e847a8df,Ryan,干嘛呀。又没什么不对！我想你会想知道。
e61676df3c022293,Ryan,那么。今晚的约会……
c022fa54258553ea,Ryan,你想去哪儿？
6c0884e4717c5d5b,Kobold,您来定！
bbedb233b6bbe2ea,Kobold,我想出去吃饭。
fb57b97d646f43c9,Kobold,您知道什么好酒吧吗？
d2c0f4718541c240,Kobold,看电影怎么样？
98ef145fb642c5b6,Ryan,也许我们可以……散散步？
4bad2b5ecfe22c4a,Ryan,我特别喜欢让人骑在我背上。
6e8c399ff118f405,Ryan,你有兴趣吗？
7da2aa0d4ef74597,Kobold,听起来真好！
db39ae73af1cfae5,Kobold,那不会有失身份吗？
3185b026252747c6,Ryan,我一直很喜欢驮着两条腿的朋友们……
d2994ff918a23d86,Ryan,那约会就这么定了，我好期待。
3fdcf71c3e2f7ea0,Ryan,哦！不会的。很好玩的！
8bacddc318adc2b9,Ryan,我经常驮着其他两条腿的朋友呢。
638c1801c65c6b0c,Ryan,我们肯定能想到办法的！到码头找我就行！
25f86d817a092ae1,Ryan,嗯，听起来不错。
38ae2aec596ab356,Ryan,你吃海鲜吗？
d7456d9e85366bc9,Kobold,吃。我喜欢鱼！
925a663e1b23d966,Kobold,唔，换点别的吧？
14d1fddd0115ee0d,Ryan,哦，太好了。我超爱三文鱼。
6b59acab736bd349,Ryan,呃，我是龙——不过……你懂我意思。
334998266afc2476,Ryan,那约会就这么定了！先吃海鲜，然后看情况。
a02af61e18efb0f0,Ryan,码头边有家不错的马族餐厅。
cf73a93aa04fdd02,Ryan,算是马族融合菜……
8771d66a0a1ace3e,Ryan,我很喜欢！我觉得你也会喜欢的。
8cceef523eb8c739,Ryan,那约会就这么定了！
5a3b18942c9e3040,Ryan,对了，市里有家不错的店叫“翼”。
4d1b2eff2bb69d21,Ryan,我觉得那儿挺合适的！他们每晚都有好演出。
ebbcfde5ce6709d6,Ryan,可以先去那儿，然后开个房……唔。
435234dd4f3b1033,Ryan,看电影应该也很好玩！
0ef6ac4a015fbebd,Ryan,你想看什么电影？
b64ebbe5369b5bbf,Kobold,汪先生：最后一汪
45afe74b37ed6bb0,Kobold,银河龙卫队2
a881cd2440d13252,Ryan,哦，我听说那部评价很好。
00712e7d97f1872a,Ryan,汪先生系列真的很老套……
037e3c0c446d2b14,Ryan,不过和你一起看我肯定会喜欢的！
b1ac5509459ca2a4,Ryan,哦对，第一部我挺喜欢的。
eb547bf48bc9637e,Ryan,那约会就这么定了。我好期待。
dcd95465ccb79997,Kobold,嘿，大个子。
a4c1cb0899f204fc,Ryan,嘿……小个子！
df50afc7f5e2d994,Kobold,我没<i>那么</i>小——
8061d3d1aed7c531,Kobold,所以，是来洗澡的吗？
1107598aa9bc6c75,Ryan,哦，抱歉——
061629ac669e11f8,Ryan,我只是想配合一下。见到你真高兴！
cdc7ebc001250566,Ryan,对！
f8c3932b65e6bbb0,Ryan,嘿，狗头人！
4a5d3b88460afb6b,Ryan,我决定试试烘焙。
b483e9c7e323807a,Ryan,我最近有很多空闲时间。
afd9ef6045a7191c,Ryan,结果发现烘焙好脏呀！
808f38835d1deb53,Ryan,我需要洗个澡。
3ff66f86649ed3f4,Kobold,嘿，莱恩！
bab3e0bf3bfcf52e,Ryan,嘿！我来洗澡。
747b7932ed2e84f2,Kobold,太好了，我去开门。
1fa67d86839c19a3,Kobold,好的！我迫不及待想跟您说康拉德的事。
4c5ca3860699fcd3,Kobold,是的！我很快要和他约会了。
29301eae6840e128,Kobold,嗯嗯，得为和他的约会做准备。
154dbd6d6bdc9f0e,Ryan,好激动呀！
e1867b98d8ce23bd,Ryan,进去再多跟我说说。
60004e58bb12dd3c,Ryan,我在门口等着！
10dc92e80220fe9b,Kobold,嘿——莱恩。
cd80a4a851309647,Kobold,您和康拉德的约会怎么样？
26eed1b65d0e1370,Kobold,快跟我说说您和康拉德的事！
b433dad7fc4cdb18,Ryan,很顺利！
cd235c4d7d27fbdb,Ryan,哦——好急切呀！
7b1f5d058f2045c5,Ryan,我们出去吃了饭。聊得很开心。
4932dbc11ab131d4,Ryan,然后一件事接着一件事……
1a86226c86c7138f,Ryan,去了酒吧……气氛热了起来。接下来的事你能想象……<size=70%>哈……
efa367904267d1f9,Ryan,……为今晚的约会洗个澡。
d510da8dc09c7bd7,Kobold,哦。对哦。
cb4f55dc25088cef,Kobold,我很期待。
63b5ec8a662e7e8f,Ryan,那还好我来提醒你了。
e86ce51d1dbf8280,Ryan,莱恩：我从没在外面做过
848d254c8d63e6fb,Conrad,康拉德：别担心！
3e0325398f9de675,Conrad,康拉德：我经常这样
d55845869b2cd946,Ryan,莱恩：确实挺刺激的
5142dd3610e4cc0c,Conrad,康拉德：我要出来了
357806c023d4c85e,Kobold,让他们继续
4e0f42eaaa70c70d,Kobold,让他们释放
d8e952b1635e3fe5,Ryan,莱恩：我也快了……
50504d8f1c0a5f1c,Ryan,莱恩：哇……你真的只有身高是小的。
e7a686aecb078b9e,Conrad,康拉德：那当然！
98087861fbfaa621,Ryan,莱恩：真舒服
be1dff750703beb9,Conrad,康拉德：嗯
59a6f968c75b792f,Conrad,康拉德：你玩得开心吗？
836b8c1db049dc01,Ryan,莱恩：当然开心。担心我呀？
dd91f260275b5093,Conrad,康拉德：康拉德只管自己享受
bf095ea55cdeb898,Conrad,康拉德：其实……我是说……
5001d1e4b306b6d9,Conrad,康拉德：我想让这次顺利
4c3de56e34727c37,Ryan,莱恩：我觉得非常顺利
06cb256bd506fa70,Ryan,莱恩：我很喜欢
2e028541c13b150b,Conrad,康拉德：你真舒服
caa123c912750ed2,Ryan,你确定能进去吗？
c8dda0f1b46383bc,Kobold,狗头人很柔韧的。能进去。
849b442f9a88c950,Kobold,汪
88f476f3d6ebac8d,Ryan,好，要是不舒服什么的就告诉我。
eff478354f7f1b18,Ryan,我可能快了……
ddfa0f7133303565,Kobold,请再坚持一会儿
f76c951c6c97d8cd,Kobold,来吧！
27cb363532fd0324,Ryan,好，我可以
685d8bfcf6988796,Ryan,很难忍住……
8fdcf9b73762886e,Kobold,我还需要更多！
5128d4e4a722127f,Kobold,来吧！
eb41a8966fdf7cfd,Ryan,你这样只会让我更难忍！
9c78a3c6942a7982,Ryan,好，我可以的……
b9ed3621fb6dfbef,Ryan,真的很开心。
99955b75e0544165,Kobold,我也觉得
ee60aadc2fcea44d,Ryan,你愿意的话可以留下来。
9d29fc6dcfe7c05d,Ryan,我订了一晚。
3736ec41338c7ad0,Kobold,我很乐意。
48cf02e6d9e88966,Ryan,哦哇……
8caf602c6f60f544,Ryan,这是我第一次和狗头人做。
db7bd45c48fe49a2,Ryan,真的很舒服……
ff7696a47d0cd4ed,Kobold,天哪，我还以为那个蛋是装饰品。
76dddaed85a8d844,Kobold,那是什么蛋？
9fe69182b150b8b1,Ryan,啊？当然不是！
f5d2571561dba2b0,Ryan,哦。你不习惯整个吞下去。
718beb6db0dae659,Ryan,那是最好的吃法！
c03f60d1d7bd67e5,Ryan,呃……
4a7cf2bb1bd01e0b,Ryan,蓝色的……？
640cee0646ecb66c,Ryan,我也不太清楚。是WingCo打折的。
f887a50c6f7d1edc,Ryan,不过真的很好吃！
3276ca6f923e3a2e,Ryan,呸。谢谢你帮我拿。
1790d1bc285d158f,Kobold,您带了吃的？
fab7cff668586c9b,Kobold,莱恩！您太贴心了。
3f519f6990d85e4d,Ryan,对！里面的东西我们俩应该都能吃。
38953523aa1d8dc9,Ryan,嘿嘿，谢谢。里面的东西我们俩应该都能吃。
f44e62ce0d92a9c3,Ryan,不过，分量可能有点……龙的尺寸。
dbe7ccbf37aed06a,Kobold,您怎么带了这么多来？
96082d9f598cc1db,Kobold,您到底需不需要洗澡呀？
5be9d07e2e19a321,Ryan,给你的！
eea2772cf2ab51f9,Ryan,<size=70%> 也给我自己的。
5da686787e870bc2,Ryan,不，我觉得不需要。
dfdd49c96bf70312,Ryan,我就是来给你送吃的！
7efd9697b321d608,Ryan,你帮了我这么多，我想带点好东西来。
2fc5be91325a9449,Ryan,希望没打扰到你？
460dbc14c8f22914,Ryan,太好了，我很开心。
6e1aac9408968a3c,Ryan,那就是没问题啦！我很开心。
fe3e5d4e4925ddb6,Ryan,那么……吃东西？
46ca5d912bed1dcc,Kobold,那些葡萄看起来很不错。
33f099ac348159d4,Kobold,莱恩，梗是不能吃的——
174343e1e975e68b,Ryan,确实不错！不过梗是我最喜欢的部分。
976fdc62e4cbffcf,Kobold,那不是……木头吗？
8e4f1f66ab3b3860,Kobold,没试过。
d053df82397c2f86,Ryan,对，很好吃！
c994875a9f5c8520,Ryan,不过你最好别吃。
025e9c74601a1a65,Ryan,龙的胃比你的……结实一点。
b689b40a79b968df,Ryan,你还是别吃了。
8d834797bd163119,Ryan,你得先有个龙的胃！
27935fd7477eba77,Ryan,谁说的？
0b71d27200d13a33,Kobold,我？
47252f2c75dea9ef,Kobold,生物学……？<size=70%> <i>大概吧？
5af35db6f8fe39ad,Ryan,呃……
79436a008466d243,Ryan,我可是不守规矩的！
49e7a64aec55ff2a,Ryan,别担心，龙天生就什么都能吃。
5f82b968ccbb4aaa,Ryan,我几乎什么都能消化。
f9a3f85545840310,Ryan,梗就是多出来的食物。
53494acb38981cff,Ryan,不过葡萄一直能满足我一种特别的馋。
77e53d1b1d33b9f0,Ryan,哦，好像蹭到脸上了。哎呀。
cb2d2f80636d8a49,Kobold,莱恩，那是骨头！
523a9690a00a7803,Kobold,您真的整个吃掉了……哇。
618839c9ee1f8a65,Ryan,唔——嗯？
5b917e0078e6beb0,Ryan,哦，那是我最喜欢的部分！
7a41a3b5d6e1acf7,Kobold,您到底是怎么消化的？
50017e1803bb849e,Kobold,<size=60%> 好性感。
f7d4b26ff67eee38,Ryan,我是龙。
b86257f47d85426e,Ryan,我应该什么都能消化。
a165524a35a75706,Ryan,是吗？记住了……
db22d9512845d515,Ryan,那是享受食物最好的方式。
a5af381d1ec66e2a,Ryan,很有意思，你们两条腿的总喜欢慢慢品尝。
180983e0a4f4e327,Ryan,但没什么比一大口吞下去更棒的了！
e1d0d09daa3129d9,Ryan,那个差点太大了——
8725851a4492f86f,Kobold,您连西瓜都没切开。
991947f3461b26a7,Kobold,味道怎么样？
7d20121dc2fa0757,Ryan,嗯……
41f87d2c55073e29,Ryan,哎呀。
4fafd5a0c9f29d5f,Ryan,不过还是很棒！我喜欢它滑下去的感觉。
dc8488830f9d7192,Ryan,我忘了咬，所以……没味道？
7dedd07a7558afa9,Ryan,不过滑下去的感觉很好！
8b4a775ae776722a,Kobold,<size=70%> 哇。
ef03f59f06da8fa4,Kobold,您的脖子能吞下这么多，真不可思议。
4fc09f2d61d5cc43,Ryan,狗头人好像总是被我吃东西的样子迷住。
032ea150ccdf88be,Ryan,真可爱！
aad3715a2f685dc3,Ryan,它天生就是为了整个吞东西的。
b0a73a78b7d9045b,Kobold,<size=70%><i>是吗？
1b4b607607b8c988,Kobold,有道理。
30ff5a696a0def56,Ryan,嗯！
901c77872c53d308,Ryan,对！很有用的。
8b555a411ea346ec,Ryan,那个……我一直在想我的感情。
f1676448791feef6,Ryan,就是，我未来的感情。
9d2e28c9ae2ed8b4,Ryan,我有点期待。
91b32d6180935501,Kobold,毕竟，您可是绝佳的对象。
e5d632fba39e2f0f,Kobold,我替您期待！
d228097b23b352e6,Ryan,哎呀你。我要脸红了。
d94d7310f7d31a45,Ryan,真的很期待认识新的人。
1121175da09c0008,Ryan,那么，再吃点？
6ebac8131d5267ac,Ryan,唔……
d2c7e6789d89f523,Ryan,我在想。
67c0ce6aff865e1c,Ryan,很难找到我现在圈子之外的人。
d7f23a9907b74860,Ryan,就是，我喜欢身边的人，但那里有太多包袱。
99daac47d7b305f6,Ryan,你懂吗？
dfcb7cbdb552d8f5,Kobold,分手之后有这种感觉，我能理解。
f574c59b56179de8,Ryan,嗯，分手之后我一直在找些新的东西。
0febbd04cce87646,Ryan,也许是某个人？
b7fca6004f2d5325,Ryan,嗯。经历那种事之后，很难理清圈子里的关系。
8da113ef266e587f,Ryan,我愿意去做。但我想要点新的。
baf0df26ea4f2e81,Ryan,也许是某个新的人……
03ccd297eb346729,Ryan,……关于我刚才说的。
ace8c62e60ec2197,Ryan,你认识什么人可以聊聊吗？就是……感情方面的事？
0a7119cfe1246546,Kobold,"<gradient=""gold""><b>我认识一条红龙。我觉得您会喜欢他！ </b></gradient><size=70%>（让莱恩和康拉德认识！）"
4a3b65400e54f8ff,Kobold,"<gradient=""gold""><b>哦。呃。<size=70%> 我不介意……如果那个人是我的话。 </b></gradient><size=70%>（锁定莱恩恋爱线！）"
bb7a6be711206298,Kobold,"<gradient=""gold""><b>我一时想不到谁。</b></gradient><size=70%>（锁定康拉德恋爱线！）"
cbe8e4adc9ca52df,Ryan,他是谁？
ca545deecbd9950d,Kobold,是一条来我们店洗澡的、超级可爱的红龙！
4a94ef80ae21582a,Kobold,他是一条红龙。我觉得你们会喜欢彼此的！
0ea02ee3f0c5673d,Ryan,哦！我好像见过他。那个小小的，对吧？
58b69c47fed8b38f,Kobold,他更喜欢“垂直方向有挑战”这个说法……不过是的。
3ae2d547c997ca01,Kobold,嗯！他也在努力认识新的人。
474246952e0d1e50,Ryan,哦……
fc4c4ac0587e24db,Ryan,真可爱。
c0fb8d4f93270198,Ryan,哦，太好了。看来我们很像。
82767de7e3e22a4a,Ryan,我想见见他！
b423c91f4f75add4,Kobold,那我来介绍你们认识。
80c500f9c426d4cc,Kobold,我好期待。我来介绍你们认识！
ec786c9a7656b0f9,Ryan,我也是，谢谢！
028dbc8d077c611f,Ryan,<i>哦……
ae590830c4c03fd1,Ryan,我想让你也成为那个人。
b4066b4e58df8005,Kobold,所以这算是……我们的第一次约会？
8c7e5a49ec8fd685,Kobold,说实话，我暗恋您有一阵子了。
710ea0057247cb51,Ryan,应该是吧！
de4d091acdb6059c,Ryan,真的？哎呀，太甜了。
35e3561cd36f36d6,Ryan,我不知道有人能这么轻易地这么喜欢我。
f05160456925af3f,Ryan,对了，你很可爱。
a01d64fcb9d7d3a5,Kobold,嗯。<size=90%>哦——<size=80%>你懂的。我就是……<size=70%>哈哈。嗯。是的！
65691ff38c85e57c,Kobold,您也是！
d323e565ed8ea749,Ryan,我不是故意让你慌张的！
145e6a2d848267cb,Ryan,我只是……很开心。
0cc014df7d89d3e1,Ryan,哎，谢谢。我这么好看都是因为你给我洗澡！
eea7bdf3ab3f251c,Ryan,我……很开心。
d619413abc4a1de1,Ryan,没关系！
c2acc8d962a0c936,Ryan,那你呢？有在和谁交往吗？
2374bdd10aea40ba,Kobold,有一条红龙，康拉德。他……脾气火爆，但很可爱。
58a5e5a5a9482e96,Kobold,有！康拉德，他很可爱。不过他肯定讨厌我这么说。
3d14bcafbc3f21c6,Ryan,哦，是我之前看到进来的那条小龙吧？
882d8b921688234c,Kobold,嘿！他只是……“垂直方向有挑战”。
871f43cb596daa39,Kobold,嗯！就是他。
eeedcdd5eaa13110,Ryan,哦，抱歉。
dcfc67b1e58c5a49,Ryan,他看起来很可爱！
70300517b020a458,Ryan,太好了，他很可爱！
abe281ce74304803,Ryan,嘿，那个，再次谢谢你。
9144d5ad20e5a9e8,Kobold,不客气！等不及您见康拉德了。
e39b086d1bff71b1,Kobold,不，该谢谢您。我……真的很期待。
1f50e1361eaeacbf,Kobold,当然！谢谢您带的食物。
489184ee3c2573f9,Ryan,哈，是啊。他听起来很有趣。
28f3547a6af39629,Ryan,我一定告诉你进展，好吗？
fcd75c87b326482c,Kobold,我很期待听到！
a66a9f98f63d5aaf,Kobold,嗯。你们俩会很配的。
39619dc71b15dfde,Ryan,真开心……
b2d03d0e5222d95c,Ryan,很快再见，好吗？
17c800776b082018,Kobold,希望如此！我去开门。
56372773e401e131,Kobold,好！谢谢您带的食物。我去开门。
97cffb9a377004b2,Ryan,嗯……我从没和狗头人约会过。
50ce0561192b6b01,Ryan,但我已经知道我很喜欢了。
e823adcc22fd50c2,Kobold,我很喜欢您。
62e851c911a254bb,Kobold,嗯，真的非常开心。
773c0ce37ffbb546,Ryan,嘿。嗯。我也喜欢你。
1c6058ce1c7242cf,Ryan,确实很开心。你真好。
32e4e8851f8ac398,Ryan,谢谢你和我一起吃……
0a94f0c3b65c425c,Ryan,期待再见到你
8c39f31ac476e20e,Kobold,我一直期待见到您。我去开门。
db8848bda5df285f,Kobold,您也是！我去开门。
f0394a2181ae8df6,Ryan,好！很快见。
d48a9423f250312c,Ryan,所以这个康拉德，看来你喜欢他？
6eb520b95e8c6388,Kobold,嘿嘿，是的。
c97f0b6b1b436f26,Kobold,他很难搞。但是，我喜欢。
a1bf90b10d887726,Ryan,真可爱！
6943d0645de48850,Ryan,你最喜欢他哪一点？
a695d517f16d1719,Kobold,他，那个，超级雄伟。
dbeb304df456a424,Kobold,他脾气急，但也很温柔！
3c29c25f0a23d26a,Kobold,他很小，我喜欢和他平视。
0911d52bc2d9f70b,Kobold,我喜欢……他这个人。
4aa9ae5f4bbb8541,Ryan,哦……嗯，小一点的龙往往……会在别处补偿。
7859d5c981752171,Ryan,嗯，我了解这种类型。
d8c70d62d0457935,Ryan,有道理！小龙很好玩。
00079873ed68f67e,Ryan,哎……真甜
fac3f85c3c835445,Ryan,你们俩怎么样了一定要告诉我！
37e125daa86112bd,Ryan,谢谢你和我一起吃，你是很好的朋友。
120807e0d30c65d5,Kobold,谢谢您带的食物！我去开门。
94ddf87d22b36d07,Kobold,您也是很好的朋友，我去开门。
02ca8c073be8669d,Ryan,好，回头见！
2e75bb6a3610c11b,Ryan,嘿——也许晚点再“动手”？
91c3bf04fb99ce8b,Ryan,唔，坐架我就不用了。
b735b39b4eea8b70,Ryan,我从没在外面做过
c913913d57c38493,Conrad,别担心！
d0ee8dcf7035040c,Conrad,我经常这样
b00675617fbac31a,Ryan,确实挺刺激的
816c197dfe2ac7e7,Conrad,我要出来了
fb490e9880f63f05,Ryan,我也快了……
cb9cc6fadcf02cd5,Ryan,哇……你真的只有身高是小的。
b77039c811832311,Ryan,真舒服
cbc2935aebe3ca1f,Conrad,嗯
1b01a1658c9a5adf,Conrad,你玩得开心吗？
0d8490d07a321596,Ryan,当然开心。担心我呀？
3d42325316477a3a,Conrad,康拉德只管自己享受
2fafbe5f3e7ff469,Conrad,其实……我是说……
df9b23df54ab5518,Conrad,我想让这次顺利
b0bfa8fe9e70154c,Ryan,我觉得非常顺利
46fa21135fd9811b,Ryan,我很喜欢
b439ffe3e5553ddc,Conrad,你真舒服
b92f91849d855b40,UI,康拉德
2d1e830624b2572a,UI,莱恩
